Title,Price,Rating,Colors,Size,Gender,Timestamp
Unknown Product,$100.00,Rating: ⭐ Invalid Rating / 5,5 Colors,Size: M,Gender: Men,2025-05-21T14:25:48.083418
T-shirt 2,$102.15,Rating: ⭐ 3.9 / 5,3 Colors,Size: M,Gender: Women,2025-05-21T14:25:48.083418
Hoodie 3,$496.88,Rating: ⭐ 4.8 / 5,3 Colors,Size: L,Gender: Unisex,2025-05-21T14:25:48.083418
Pants 4,$467.31,Rating: ⭐ 3.3 / 5,3 Colors,Size: XL,Gender: Men,2025-05-21T14:25:48.083418
Outerwear 5,$321.59,Rating: ⭐ 3.5 / 5,3 Colors,Size: XXL,Gender: Women,2025-05-21T14:25:48.083418
Jacket 6,$153.37,Rating: ⭐ 3.3 / 5,3 Colors,Size: S,Gender: Unisex,2025-05-21T14:25:48.083418
Crewneck 7,$430.75,Rating: ⭐ 4.3 / 5,3 Colors,Size: M,Gender: Men,2025-05-21T14:25:48.083418
T-shirt 8,$487.66,Rating: ⭐ 3.1 / 5,3 Colors,Size: L,Gender: Women,2025-05-21T14:25:48.083418
Hoodie 9,$248.26,Rating: ⭐ 3.2 / 5,3 Colors,Size: XL,Gender: Unisex,2025-05-21T14:25:48.083418
Pants 10,$193.76,Rating: ⭐ 4.2 / 5,3 Colors,Size: XXL,Gender: Men,2025-05-21T14:25:48.083418
Unknown Product,$100.00,Rating: ⭐ Invalid Rating / 5,5 Colors,Size: M,Gender: Men,2025-05-21T14:25:48.083418
Jacket 12,$532.99,Rating: ⭐ 3.9 / 5,3 Colors,Size: M,Gender: Unisex,2025-05-21T14:25:48.083418
Crewneck 13,$340.45,Rating: ⭐ 3.2 / 5,3 Colors,Size: L,Gender: Men,2025-05-21T14:25:48.099679
T-shirt 14,$203.05,Rating: ⭐ 3.8 / 5,3 Colors,Size: XL,Gender: Women,2025-05-21T14:25:48.099679
Hoodie 15,$136.51,Rating: ⭐ 3.6 / 5,3 Colors,Size: XXL,Gender: Unisex,2025-05-21T14:25:48.099679
Pants 16,Unknown Price,Price Unavailable,Rating: Not Rated,8 Colors,Size: S,2025-05-21T14:25:48.099679
Outerwear 17,$52.60,Rating: ⭐ 3.8 / 5,3 Colors,Size: M,Gender: Women,2025-05-21T14:25:48.099679
Jacket 18,$343.75,Rating: ⭐ 3.8 / 5,3 Colors,Size: L,Gender: Unisex,2025-05-21T14:25:48.099679
Crewneck 19,$81.81,Rating: ⭐ 3.6 / 5,3 Colors,Size: XL,Gender: Men,2025-05-21T14:25:48.099679
T-shirt 20,$82.85,Rating: ⭐ 3.4 / 5,3 Colors,Size: XXL,Gender: Women,2025-05-21T14:25:48.099679
Unknown Product,$100.00,Rating: ⭐ Invalid Rating / 5,5 Colors,Size: M,Gender: Men,2025-05-21T14:25:50.212495
Pants 22,$269.98,Rating: ⭐ 4.9 / 5,3 Colors,Size: M,Gender: Men,2025-05-21T14:25:50.212495
Outerwear 23,$290.99,Rating: ⭐ 3.7 / 5,3 Colors,Size: L,Gender: Women,2025-05-21T14:25:50.212495
Jacket 24,$513.97,Rating: ⭐ 3.9 / 5,3 Colors,Size: XL,Gender: Unisex,2025-05-21T14:25:50.214550
Crewneck 25,$520.16,Rating: ⭐ 3.3 / 5,3 Colors,Size: XXL,Gender: Men,2025-05-21T14:25:50.214550
T-shirt 26,$455.77,Rating: ⭐ 4.6 / 5,3 Colors,Size: S,Gender: Women,2025-05-21T14:25:50.214550
Hoodie 27,$221.99,Rating: ⭐ 4.8 / 5,3 Colors,Size: M,Gender: Unisex,2025-05-21T14:25:50.214550
Pants 28,$326.01,Rating: ⭐ 4.0 / 5,3 Colors,Size: L,Gender: Men,2025-05-21T14:25:50.214550
Outerwear 29,$53.85,Rating: ⭐ 3.1 / 5,3 Colors,Size: XL,Gender: Women,2025-05-21T14:25:50.214550
Jacket 30,$538.14,Rating: ⭐ 3.7 / 5,3 Colors,Size: XXL,Gender: Unisex,2025-05-21T14:25:50.214550
Unknown Product,$100.00,Rating: ⭐ Invalid Rating / 5,5 Colors,Size: M,Gender: Men,2025-05-21T14:25:50.214550
T-shirt 32,$416.12,Rating: ⭐ 3.4 / 5,3 Colors,Size: M,Gender: Women,2025-05-21T14:25:50.214550
Hoodie 33,$453.01,Rating: ⭐ 3.5 / 5,3 Colors,Size: L,Gender: Unisex,2025-05-21T14:25:50.214550
Pants 34,$522.67,Rating: ⭐ 3.8 / 5,3 Colors,Size: XL,Gender: Men,2025-05-21T14:25:50.214550
Outerwear 35,$84.76,Rating: ⭐ 3.8 / 5,3 Colors,Size: XXL,Gender: Women,2025-05-21T14:25:50.214550
Jacket 36,$453.08,Rating: ⭐ 3.7 / 5,3 Colors,Size: S,Gender: Unisex,2025-05-21T14:25:50.214550
Crewneck 37,$375.38,Rating: ⭐ 4.0 / 5,3 Colors,Size: M,Gender: Men,2025-05-21T14:25:50.218844
T-shirt 38,$304.13,Rating: ⭐ 3.2 / 5,3 Colors,Size: L,Gender: Women,2025-05-21T14:25:50.218844
Hoodie 39,$401.95,Rating: ⭐ 4.6 / 5,3 Colors,Size: XL,Gender: Unisex,2025-05-21T14:25:50.219855
Pants 40,$365.85,Rating: ⭐ 3.1 / 5,3 Colors,Size: XXL,Gender: Men,2025-05-21T14:25:50.219855
Unknown Product,$100.00,Rating: ⭐ Invalid Rating / 5,5 Colors,Size: M,Gender: Men,2025-05-21T14:25:52.326033
Jacket 42,$421.51,Rating: ⭐ 3.7 / 5,3 Colors,Size: M,Gender: Unisex,2025-05-21T14:25:52.326033
Crewneck 43,$181.85,Rating: ⭐ 4.5 / 5,3 Colors,Size: L,Gender: Men,2025-05-21T14:25:52.326033
T-shirt 44,$207.02,Rating: ⭐ 3.0 / 5,3 Colors,Size: XL,Gender: Women,2025-05-21T14:25:52.326033
Hoodie 45,$543.32,Rating: ⭐ 4.5 / 5,3 Colors,Size: XXL,Gender: Unisex,2025-05-21T14:25:52.326033
Pants 46,Unknown Price,Price Unavailable,Rating: Not Rated,8 Colors,Size: S,2025-05-21T14:25:52.326033
Outerwear 47,$397.79,Rating: ⭐ 3.2 / 5,3 Colors,Size: M,Gender: Women,2025-05-21T14:25:52.326033
Jacket 48,$312.17,Rating: ⭐ 3.4 / 5,3 Colors,Size: L,Gender: Unisex,2025-05-21T14:25:52.326033
Crewneck 49,$66.95,Rating: ⭐ 4.0 / 5,3 Colors,Size: XL,Gender: Men,2025-05-21T14:25:52.329026
T-shirt 50,$370.81,Rating: ⭐ 3.1 / 5,3 Colors,Size: XXL,Gender: Women,2025-05-21T14:25:52.329026
Unknown Product,$100.00,Rating: ⭐ Invalid Rating / 5,5 Colors,Size: M,Gender: Men,2025-05-21T14:25:52.329903
Pants 52,$99.78,Rating: ⭐ 4.0 / 5,3 Colors,Size: M,Gender: Men,2025-05-21T14:25:52.329903
Outerwear 53,$279.43,Rating: ⭐ 4.3 / 5,3 Colors,Size: L,Gender: Women,2025-05-21T14:25:52.331414
Jacket 54,$53.41,Rating: ⭐ 4.2 / 5,3 Colors,Size: XL,Gender: Unisex,2025-05-21T14:25:52.331414
Crewneck 55,$112.11,Rating: ⭐ 3.6 / 5,3 Colors,Size: XXL,Gender: Men,2025-05-21T14:25:52.331414
T-shirt 56,$290.19,Rating: ⭐ 3.8 / 5,3 Colors,Size: S,Gender: Women,2025-05-21T14:25:52.331414
Hoodie 57,$197.21,Rating: ⭐ 4.9 / 5,3 Colors,Size: M,Gender: Unisex,2025-05-21T14:25:52.331414
Pants 58,$102.36,Rating: ⭐ 4.4 / 5,3 Colors,Size: L,Gender: Men,2025-05-21T14:25:52.333795
Outerwear 59,$140.89,Rating: ⭐ 4.6 / 5,3 Colors,Size: XL,Gender: Women,2025-05-21T14:25:52.333795
Jacket 60,$210.97,Rating: ⭐ 4.2 / 5,3 Colors,Size: XXL,Gender: Unisex,2025-05-21T14:25:52.333795
Unknown Product,$100.00,Rating: ⭐ Invalid Rating / 5,5 Colors,Size: M,Gender: Men,2025-05-21T14:25:54.431520
T-shirt 62,$86.03,Rating: ⭐ 3.8 / 5,3 Colors,Size: M,Gender: Women,2025-05-21T14:25:54.431520
Hoodie 63,$404.95,Rating: ⭐ 3.6 / 5,3 Colors,Size: L,Gender: Unisex,2025-05-21T14:25:54.431520
Pants 64,$483.03,Rating: ⭐ 4.0 / 5,3 Colors,Size: XL,Gender: Men,2025-05-21T14:25:54.431520
Outerwear 65,$149.12,Rating: ⭐ 4.1 / 5,3 Colors,Size: XXL,Gender: Women,2025-05-21T14:25:54.431520
Jacket 66,$272.07,Rating: ⭐ 3.5 / 5,3 Colors,Size: S,Gender: Unisex,2025-05-21T14:25:54.431520
Crewneck 67,$529.42,Rating: ⭐ 3.5 / 5,3 Colors,Size: M,Gender: Men,2025-05-21T14:25:54.431520
T-shirt 68,$501.58,Rating: ⭐ 4.0 / 5,3 Colors,Size: L,Gender: Women,2025-05-21T14:25:54.431520
Hoodie 69,$64.24,Rating: ⭐ 3.6 / 5,3 Colors,Size: XL,Gender: Unisex,2025-05-21T14:25:54.431520
Pants 70,$73.21,Rating: ⭐ 4.4 / 5,3 Colors,Size: XXL,Gender: Men,2025-05-21T14:25:54.431520
Unknown Product,$100.00,Rating: ⭐ Invalid Rating / 5,5 Colors,Size: M,Gender: Men,2025-05-21T14:25:54.431520
Jacket 72,$236.00,Rating: ⭐ 4.4 / 5,3 Colors,Size: M,Gender: Unisex,2025-05-21T14:25:54.431520
Crewneck 73,$153.77,Rating: ⭐ 3.0 / 5,3 Colors,Size: L,Gender: Men,2025-05-21T14:25:54.442951
T-shirt 74,$481.55,Rating: ⭐ 3.8 / 5,3 Colors,Size: XL,Gender: Women,2025-05-21T14:25:54.442951
Hoodie 75,$131.36,Rating: ⭐ 4.3 / 5,3 Colors,Size: XXL,Gender: Unisex,2025-05-21T14:25:54.442951
Pants 76,Unknown Price,Price Unavailable,Rating: Not Rated,8 Colors,Size: S,2025-05-21T14:25:54.442951
Outerwear 77,$53.86,Rating: ⭐ 3.7 / 5,3 Colors,Size: M,Gender: Women,2025-05-21T14:25:54.442951
Jacket 78,$169.78,Rating: ⭐ 4.3 / 5,3 Colors,Size: L,Gender: Unisex,2025-05-21T14:25:54.442951
Crewneck 79,$206.85,Rating: ⭐ 4.6 / 5,3 Colors,Size: XL,Gender: Men,2025-05-21T14:25:54.442951
T-shirt 80,$261.15,Rating: ⭐ 4.5 / 5,3 Colors,Size: XXL,Gender: Women,2025-05-21T14:25:54.442951
Unknown Product,$100.00,Rating: ⭐ Invalid Rating / 5,5 Colors,Size: M,Gender: Men,2025-05-21T14:25:56.575655
Pants 82,$519.72,Rating: ⭐ 4.8 / 5,3 Colors,Size: M,Gender: Men,2025-05-21T14:25:56.575655
Outerwear 83,$246.74,Rating: ⭐ 3.7 / 5,3 Colors,Size: L,Gender: Women,2025-05-21T14:25:56.575655
Jacket 84,$176.63,Rating: ⭐ 4.8 / 5,3 Colors,Size: XL,Gender: Unisex,2025-05-21T14:25:56.575655
Crewneck 85,$285.26,Rating: ⭐ 3.5 / 5,3 Colors,Size: XXL,Gender: Men,2025-05-21T14:25:56.577666
T-shirt 86,$104.43,Rating: ⭐ 3.9 / 5,3 Colors,Size: S,Gender: Women,2025-05-21T14:25:56.577666
Hoodie 87,$491.89,Rating: ⭐ 4.3 / 5,3 Colors,Size: M,Gender: Unisex,2025-05-21T14:25:56.577666
Pants 88,$474.40,Rating: ⭐ 3.1 / 5,3 Colors,Size: L,Gender: Men,2025-05-21T14:25:56.577666
Outerwear 89,$303.52,Rating: ⭐ 3.0 / 5,3 Colors,Size: XL,Gender: Women,2025-05-21T14:25:56.579677
Jacket 90,$447.50,Rating: ⭐ 4.0 / 5,3 Colors,Size: XXL,Gender: Unisex,2025-05-21T14:25:56.579677
Unknown Product,$100.00,Rating: ⭐ Invalid Rating / 5,5 Colors,Size: M,Gender: Men,2025-05-21T14:25:56.579677
T-shirt 92,$313.27,Rating: ⭐ 3.5 / 5,3 Colors,Size: M,Gender: Women,2025-05-21T14:25:56.579677
Hoodie 93,$85.33,Rating: ⭐ 3.6 / 5,3 Colors,Size: L,Gender: Unisex,2025-05-21T14:25:56.579677
Pants 94,$67.18,Rating: ⭐ 4.3 / 5,3 Colors,Size: XL,Gender: Men,2025-05-21T14:25:56.581687
Outerwear 95,$378.89,Rating: ⭐ 3.5 / 5,3 Colors,Size: XXL,Gender: Women,2025-05-21T14:25:56.581687
Jacket 96,$287.39,Rating: ⭐ 4.9 / 5,3 Colors,Size: S,Gender: Unisex,2025-05-21T14:25:56.581687
Crewneck 97,$382.07,Rating: ⭐ 3.9 / 5,3 Colors,Size: M,Gender: Men,2025-05-21T14:25:56.581687
T-shirt 98,$537.31,Rating: ⭐ 3.1 / 5,3 Colors,Size: L,Gender: Women,2025-05-21T14:25:56.581687
Hoodie 99,$314.25,Rating: ⭐ 3.6 / 5,3 Colors,Size: XL,Gender: Unisex,2025-05-21T14:25:56.583697
Pants 100,$138.58,Rating: ⭐ 4.6 / 5,3 Colors,Size: XXL,Gender: Men,2025-05-21T14:25:56.583697
Unknown Product,$100.00,Rating: ⭐ Invalid Rating / 5,5 Colors,Size: M,Gender: Men,2025-05-21T14:25:58.695452
Jacket 102,$240.04,Rating: ⭐ 3.3 / 5,3 Colors,Size: M,Gender: Unisex,2025-05-21T14:25:58.695452
Crewneck 103,$145.73,Rating: ⭐ 3.5 / 5,3 Colors,Size: L,Gender: Men,2025-05-21T14:25:58.695452
T-shirt 104,$148.40,Rating: ⭐ 3.8 / 5,3 Colors,Size: XL,Gender: Women,2025-05-21T14:25:58.695452
Hoodie 105,$313.74,Rating: ⭐ 4.2 / 5,3 Colors,Size: XXL,Gender: Unisex,2025-05-21T14:25:58.695452
Pants 106,Unknown Price,Price Unavailable,Rating: Not Rated,8 Colors,Size: S,2025-05-21T14:25:58.695452
Outerwear 107,$414.07,Rating: ⭐ 4.0 / 5,3 Colors,Size: M,Gender: Women,2025-05-21T14:25:58.695452
Jacket 108,$346.98,Rating: ⭐ 4.8 / 5,3 Colors,Size: L,Gender: Unisex,2025-05-21T14:25:58.695452
Crewneck 109,$367.93,Rating: ⭐ 3.3 / 5,3 Colors,Size: XL,Gender: Men,2025-05-21T14:25:58.695452
T-shirt 110,$449.82,Rating: ⭐ 4.6 / 5,3 Colors,Size: XXL,Gender: Women,2025-05-21T14:25:58.695452
Unknown Product,$100.00,Rating: ⭐ Invalid Rating / 5,5 Colors,Size: M,Gender: Men,2025-05-21T14:25:58.695452
Pants 112,$266.37,Rating: ⭐ 3.3 / 5,3 Colors,Size: M,Gender: Men,2025-05-21T14:25:58.695452
Outerwear 113,$279.50,Rating: ⭐ 3.7 / 5,3 Colors,Size: L,Gender: Women,2025-05-21T14:25:58.695452
Jacket 114,$336.66,Rating: ⭐ 4.9 / 5,3 Colors,Size: XL,Gender: Unisex,2025-05-21T14:25:58.695452
Crewneck 115,$120.83,Rating: ⭐ 4.5 / 5,3 Colors,Size: XXL,Gender: Men,2025-05-21T14:25:58.700368
T-shirt 116,$217.16,Rating: ⭐ 3.0 / 5,3 Colors,Size: S,Gender: Women,2025-05-21T14:25:58.700368
Hoodie 117,$211.02,Rating: ⭐ 5.0 / 5,3 Colors,Size: M,Gender: Unisex,2025-05-21T14:25:58.700368
Pants 118,$349.09,Rating: ⭐ 3.2 / 5,3 Colors,Size: L,Gender: Men,2025-05-21T14:25:58.700368
Outerwear 119,$222.61,Rating: ⭐ 3.4 / 5,3 Colors,Size: XL,Gender: Women,2025-05-21T14:25:58.700368
Jacket 120,$467.52,Rating: ⭐ 4.0 / 5,3 Colors,Size: XXL,Gender: Unisex,2025-05-21T14:25:58.700368
Unknown Product,$100.00,Rating: ⭐ Invalid Rating / 5,5 Colors,Size: M,Gender: Men,2025-05-21T14:26:00.825038
T-shirt 122,$122.62,Rating: ⭐ 3.6 / 5,3 Colors,Size: M,Gender: Women,2025-05-21T14:26:00.825038
Hoodie 123,$281.13,Rating: ⭐ 3.8 / 5,3 Colors,Size: L,Gender: Unisex,2025-05-21T14:26:00.825038
Pants 124,$438.97,Rating: ⭐ 3.2 / 5,3 Colors,Size: XL,Gender: Men,2025-05-21T14:26:00.825038
Outerwear 125,$437.39,Rating: ⭐ 4.2 / 5,3 Colors,Size: XXL,Gender: Women,2025-05-21T14:26:00.825038
Jacket 126,$276.63,Rating: ⭐ 3.9 / 5,3 Colors,Size: S,Gender: Unisex,2025-05-21T14:26:00.825038
Crewneck 127,$519.48,Rating: ⭐ 4.0 / 5,3 Colors,Size: M,Gender: Men,2025-05-21T14:26:00.827355
T-shirt 128,$279.17,Rating: ⭐ 3.8 / 5,3 Colors,Size: L,Gender: Women,2025-05-21T14:26:00.827355
Hoodie 129,$158.28,Rating: ⭐ 4.5 / 5,3 Colors,Size: XL,Gender: Unisex,2025-05-21T14:26:00.827355
Pants 130,$412.72,Rating: ⭐ 4.8 / 5,3 Colors,Size: XXL,Gender: Men,2025-05-21T14:26:00.827355
Unknown Product,$100.00,Rating: ⭐ Invalid Rating / 5,5 Colors,Size: M,Gender: Men,2025-05-21T14:26:00.827355
Jacket 132,$404.68,Rating: ⭐ 4.2 / 5,3 Colors,Size: M,Gender: Unisex,2025-05-21T14:26:00.827355
Crewneck 133,$126.02,Rating: ⭐ 4.7 / 5,3 Colors,Size: L,Gender: Men,2025-05-21T14:26:00.829383
T-shirt 134,$371.09,Rating: ⭐ 3.2 / 5,3 Colors,Size: XL,Gender: Women,2025-05-21T14:26:00.829383
Hoodie 135,$321.34,Rating: ⭐ 4.7 / 5,3 Colors,Size: XXL,Gender: Unisex,2025-05-21T14:26:00.829383
Pants 136,Unknown Price,Price Unavailable,Rating: Not Rated,8 Colors,Size: S,2025-05-21T14:26:00.829383
Outerwear 137,$436.77,Rating: ⭐ 4.5 / 5,3 Colors,Size: M,Gender: Women,2025-05-21T14:26:00.829383
Jacket 138,$289.72,Rating: ⭐ 3.4 / 5,3 Colors,Size: L,Gender: Unisex,2025-05-21T14:26:00.831105
Crewneck 139,$503.32,Rating: ⭐ 4.5 / 5,3 Colors,Size: XL,Gender: Men,2025-05-21T14:26:00.831105
T-shirt 140,$425.69,Rating: ⭐ 3.5 / 5,3 Colors,Size: XXL,Gender: Women,2025-05-21T14:26:00.831105
Unknown Product,$100.00,Rating: ⭐ Invalid Rating / 5,5 Colors,Size: M,Gender: Men,2025-05-21T14:26:02.958415
Pants 142,$145.33,Rating: ⭐ 4.9 / 5,3 Colors,Size: M,Gender: Men,2025-05-21T14:26:02.958415
Outerwear 143,$209.16,Rating: ⭐ 4.9 / 5,3 Colors,Size: L,Gender: Women,2025-05-21T14:26:02.958415
Jacket 144,$359.89,Rating: ⭐ 4.3 / 5,3 Colors,Size: XL,Gender: Unisex,2025-05-21T14:26:02.958415
Crewneck 145,$217.05,Rating: ⭐ 4.8 / 5,3 Colors,Size: XXL,Gender: Men,2025-05-21T14:26:02.958415
T-shirt 146,$480.54,Rating: ⭐ 4.3 / 5,3 Colors,Size: S,Gender: Women,2025-05-21T14:26:02.958415
Hoodie 147,$190.80,Rating: ⭐ 5.0 / 5,3 Colors,Size: M,Gender: Unisex,2025-05-21T14:26:02.958415
Pants 148,$377.09,Rating: ⭐ 4.7 / 5,3 Colors,Size: L,Gender: Men,2025-05-21T14:26:02.958415
Outerwear 149,$194.12,Rating: ⭐ 3.2 / 5,3 Colors,Size: XL,Gender: Women,2025-05-21T14:26:02.958415
Jacket 150,$93.79,Rating: ⭐ 3.6 / 5,3 Colors,Size: XXL,Gender: Unisex,2025-05-21T14:26:02.958415
Unknown Product,$100.00,Rating: ⭐ Invalid Rating / 5,5 Colors,Size: M,Gender: Men,2025-05-21T14:26:02.958415
T-shirt 152,$393.04,Rating: ⭐ 4.2 / 5,3 Colors,Size: M,Gender: Women,2025-05-21T14:26:02.958415
Hoodie 153,$166.29,Rating: ⭐ 4.3 / 5,3 Colors,Size: L,Gender: Unisex,2025-05-21T14:26:02.958415
Pants 154,$146.09,Rating: ⭐ 3.0 / 5,3 Colors,Size: XL,Gender: Men,2025-05-21T14:26:02.958415
Outerwear 155,$236.45,Rating: ⭐ 4.1 / 5,3 Colors,Size: XXL,Gender: Women,2025-05-21T14:26:02.965743
Jacket 156,$415.32,Rating: ⭐ 3.6 / 5,3 Colors,Size: S,Gender: Unisex,2025-05-21T14:26:02.965743
Crewneck 157,$69.11,Rating: ⭐ 4.0 / 5,3 Colors,Size: M,Gender: Men,2025-05-21T14:26:02.965743
T-shirt 158,$457.57,Rating: ⭐ 4.0 / 5,3 Colors,Size: L,Gender: Women,2025-05-21T14:26:02.967043
Hoodie 159,$148.23,Rating: ⭐ 4.9 / 5,3 Colors,Size: XL,Gender: Unisex,2025-05-21T14:26:02.967043
Pants 160,$175.18,Rating: ⭐ 3.4 / 5,3 Colors,Size: XXL,Gender: Men,2025-05-21T14:26:02.967043
Unknown Product,$100.00,Rating: ⭐ Invalid Rating / 5,5 Colors,Size: M,Gender: Men,2025-05-21T14:26:05.056961
Jacket 162,$96.49,Rating: ⭐ 4.5 / 5,3 Colors,Size: M,Gender: Unisex,2025-05-21T14:26:05.056961
Crewneck 163,$491.37,Rating: ⭐ 4.4 / 5,3 Colors,Size: L,Gender: Men,2025-05-21T14:26:05.056961
T-shirt 164,$219.50,Rating: ⭐ 3.9 / 5,3 Colors,Size: XL,Gender: Women,2025-05-21T14:26:05.061230
Hoodie 165,$432.58,Rating: ⭐ 4.9 / 5,3 Colors,Size: XXL,Gender: Unisex,2025-05-21T14:26:05.061230
Pants 166,Unknown Price,Price Unavailable,Rating: Not Rated,8 Colors,Size: S,2025-05-21T14:26:05.061230
Outerwear 167,$204.61,Rating: ⭐ 3.1 / 5,3 Colors,Size: M,Gender: Women,2025-05-21T14:26:05.061230
Jacket 168,$54.40,Rating: ⭐ 4.4 / 5,3 Colors,Size: L,Gender: Unisex,2025-05-21T14:26:05.061230
Crewneck 169,$502.05,Rating: ⭐ 4.7 / 5,3 Colors,Size: XL,Gender: Men,2025-05-21T14:26:05.061230
T-shirt 170,$417.37,Rating: ⭐ 4.5 / 5,3 Colors,Size: XXL,Gender: Women,2025-05-21T14:26:05.061230
Unknown Product,$100.00,Rating: ⭐ Invalid Rating / 5,5 Colors,Size: M,Gender: Men,2025-05-21T14:26:05.061230
Pants 172,$97.88,Rating: ⭐ 4.9 / 5,3 Colors,Size: M,Gender: Men,2025-05-21T14:26:05.061230
Outerwear 173,$439.66,Rating: ⭐ 4.6 / 5,3 Colors,Size: L,Gender: Women,2025-05-21T14:26:05.061230
Jacket 174,$392.64,Rating: ⭐ 3.3 / 5,3 Colors,Size: XL,Gender: Unisex,2025-05-21T14:26:05.061230
Crewneck 175,$507.82,Rating: ⭐ 4.5 / 5,3 Colors,Size: XXL,Gender: Men,2025-05-21T14:26:05.061230
T-shirt 176,$381.52,Rating: ⭐ 3.6 / 5,3 Colors,Size: S,Gender: Women,2025-05-21T14:26:05.061230
Hoodie 177,$118.15,Rating: ⭐ 4.6 / 5,3 Colors,Size: M,Gender: Unisex,2025-05-21T14:26:05.061230
Pants 178,$386.51,Rating: ⭐ 3.0 / 5,3 Colors,Size: L,Gender: Men,2025-05-21T14:26:05.061230
Outerwear 179,$363.54,Rating: ⭐ 3.5 / 5,3 Colors,Size: XL,Gender: Women,2025-05-21T14:26:05.067631
Jacket 180,$347.04,Rating: ⭐ 3.9 / 5,3 Colors,Size: XXL,Gender: Unisex,2025-05-21T14:26:05.067631
Unknown Product,$100.00,Rating: ⭐ Invalid Rating / 5,5 Colors,Size: M,Gender: Men,2025-05-21T14:26:07.175493
T-shirt 182,$145.93,Rating: ⭐ 3.8 / 5,3 Colors,Size: M,Gender: Women,2025-05-21T14:26:07.178717
Hoodie 183,$244.04,Rating: ⭐ 3.6 / 5,3 Colors,Size: L,Gender: Unisex,2025-05-21T14:26:07.178717
Pants 184,$484.97,Rating: ⭐ 4.5 / 5,3 Colors,Size: XL,Gender: Men,2025-05-21T14:26:07.178717
Outerwear 185,$488.93,Rating: ⭐ 3.2 / 5,3 Colors,Size: XXL,Gender: Women,2025-05-21T14:26:07.178717
Jacket 186,$433.78,Rating: ⭐ 4.2 / 5,3 Colors,Size: S,Gender: Unisex,2025-05-21T14:26:07.178717
Crewneck 187,$416.47,Rating: ⭐ 3.8 / 5,3 Colors,Size: M,Gender: Men,2025-05-21T14:26:07.178717
T-shirt 188,$245.49,Rating: ⭐ 4.4 / 5,3 Colors,Size: L,Gender: Women,2025-05-21T14:26:07.178717
Hoodie 189,$121.67,Rating: ⭐ 4.0 / 5,3 Colors,Size: XL,Gender: Unisex,2025-05-21T14:26:07.178717
Pants 190,$138.81,Rating: ⭐ 4.5 / 5,3 Colors,Size: XXL,Gender: Men,2025-05-21T14:26:07.178717
Unknown Product,$100.00,Rating: ⭐ Invalid Rating / 5,5 Colors,Size: M,Gender: Men,2025-05-21T14:26:07.178717
Jacket 192,$316.64,Rating: ⭐ 3.8 / 5,3 Colors,Size: M,Gender: Unisex,2025-05-21T14:26:07.178717
Crewneck 193,$459.73,Rating: ⭐ 4.1 / 5,3 Colors,Size: L,Gender: Men,2025-05-21T14:26:07.178717
T-shirt 194,$176.17,Rating: ⭐ 4.9 / 5,3 Colors,Size: XL,Gender: Women,2025-05-21T14:26:07.178717
Hoodie 195,$450.56,Rating: ⭐ 4.9 / 5,3 Colors,Size: XXL,Gender: Unisex,2025-05-21T14:26:07.178717
Pants 196,Unknown Price,Price Unavailable,Rating: Not Rated,8 Colors,Size: S,2025-05-21T14:26:07.178717
Outerwear 197,$355.10,Rating: ⭐ 4.9 / 5,3 Colors,Size: M,Gender: Women,2025-05-21T14:26:07.178717
Jacket 198,$339.69,Rating: ⭐ 4.5 / 5,3 Colors,Size: L,Gender: Unisex,2025-05-21T14:26:07.178717
Crewneck 199,$421.52,Rating: ⭐ 3.1 / 5,3 Colors,Size: XL,Gender: Men,2025-05-21T14:26:07.178717
T-shirt 200,$393.12,Rating: ⭐ 3.5 / 5,3 Colors,Size: XXL,Gender: Women,2025-05-21T14:26:07.178717
Unknown Product,$100.00,Rating: ⭐ Invalid Rating / 5,5 Colors,Size: M,Gender: Men,2025-05-21T14:26:09.259244
Pants 202,$349.53,Rating: ⭐ 3.3 / 5,3 Colors,Size: M,Gender: Men,2025-05-21T14:26:09.259244
Outerwear 203,$134.00,Rating: ⭐ 3.4 / 5,3 Colors,Size: L,Gender: Women,2025-05-21T14:26:09.259244
Jacket 204,$376.94,Rating: ⭐ 3.9 / 5,3 Colors,Size: XL,Gender: Unisex,2025-05-21T14:26:09.259244
Crewneck 205,$402.18,Rating: ⭐ 3.2 / 5,3 Colors,Size: XXL,Gender: Men,2025-05-21T14:26:09.259244
T-shirt 206,$292.17,Rating: ⭐ 4.5 / 5,3 Colors,Size: S,Gender: Women,2025-05-21T14:26:09.259244
Hoodie 207,$381.34,Rating: ⭐ 3.5 / 5,3 Colors,Size: M,Gender: Unisex,2025-05-21T14:26:09.259244
Pants 208,$289.85,Rating: ⭐ 3.1 / 5,3 Colors,Size: L,Gender: Men,2025-05-21T14:26:09.259244
Outerwear 209,$498.79,Rating: ⭐ 4.3 / 5,3 Colors,Size: XL,Gender: Women,2025-05-21T14:26:09.259244
Jacket 210,$489.21,Rating: ⭐ 4.7 / 5,3 Colors,Size: XXL,Gender: Unisex,2025-05-21T14:26:09.259244
Unknown Product,$100.00,Rating: ⭐ Invalid Rating / 5,5 Colors,Size: M,Gender: Men,2025-05-21T14:26:09.259244
T-shirt 212,$549.68,Rating: ⭐ 4.7 / 5,3 Colors,Size: M,Gender: Women,2025-05-21T14:26:09.259244
Hoodie 213,$359.25,Rating: ⭐ 3.6 / 5,3 Colors,Size: L,Gender: Unisex,2025-05-21T14:26:09.259244
Pants 214,$269.73,Rating: ⭐ 4.9 / 5,3 Colors,Size: XL,Gender: Men,2025-05-21T14:26:09.259244
Outerwear 215,$90.60,Rating: ⭐ 3.8 / 5,3 Colors,Size: XXL,Gender: Women,2025-05-21T14:26:09.259244
Jacket 216,$286.03,Rating: ⭐ 4.6 / 5,3 Colors,Size: S,Gender: Unisex,2025-05-21T14:26:09.259244
Crewneck 217,$360.81,Rating: ⭐ 4.8 / 5,3 Colors,Size: M,Gender: Men,2025-05-21T14:26:09.259244
T-shirt 218,$350.02,Rating: ⭐ 3.1 / 5,3 Colors,Size: L,Gender: Women,2025-05-21T14:26:09.273830
Hoodie 219,$354.44,Rating: ⭐ 4.6 / 5,3 Colors,Size: XL,Gender: Unisex,2025-05-21T14:26:09.273830
Pants 220,$209.85,Rating: ⭐ 3.2 / 5,3 Colors,Size: XXL,Gender: Men,2025-05-21T14:26:09.273830
Unknown Product,$100.00,Rating: ⭐ Invalid Rating / 5,5 Colors,Size: M,Gender: Men,2025-05-21T14:26:11.385244
Jacket 222,$464.88,Rating: ⭐ 3.4 / 5,3 Colors,Size: M,Gender: Unisex,2025-05-21T14:26:11.385244
Crewneck 223,$59.56,Rating: ⭐ 4.8 / 5,3 Colors,Size: L,Gender: Men,2025-05-21T14:26:11.388339
T-shirt 224,$220.91,Rating: ⭐ 4.5 / 5,3 Colors,Size: XL,Gender: Women,2025-05-21T14:26:11.388339
Hoodie 225,$327.05,Rating: ⭐ 3.5 / 5,3 Colors,Size: XXL,Gender: Unisex,2025-05-21T14:26:11.388339
Pants 226,Unknown Price,Price Unavailable,Rating: Not Rated,8 Colors,Size: S,2025-05-21T14:26:11.389464
Outerwear 227,$421.41,Rating: ⭐ 4.8 / 5,3 Colors,Size: M,Gender: Women,2025-05-21T14:26:11.389464
Jacket 228,$504.80,Rating: ⭐ 4.5 / 5,3 Colors,Size: L,Gender: Unisex,2025-05-21T14:26:11.389464
Crewneck 229,$193.87,Rating: ⭐ 4.9 / 5,3 Colors,Size: XL,Gender: Men,2025-05-21T14:26:11.389464
T-shirt 230,$445.83,Rating: ⭐ 4.5 / 5,3 Colors,Size: XXL,Gender: Women,2025-05-21T14:26:11.389464
Unknown Product,$100.00,Rating: ⭐ Invalid Rating / 5,5 Colors,Size: M,Gender: Men,2025-05-21T14:26:11.391270
Pants 232,$520.46,Rating: ⭐ 4.0 / 5,3 Colors,Size: M,Gender: Men,2025-05-21T14:26:11.391270
Outerwear 233,$52.96,Rating: ⭐ 4.8 / 5,3 Colors,Size: L,Gender: Women,2025-05-21T14:26:11.391270
Jacket 234,$72.45,Rating: ⭐ 4.5 / 5,3 Colors,Size: XL,Gender: Unisex,2025-05-21T14:26:11.391270
Crewneck 235,$410.02,Rating: ⭐ 3.4 / 5,3 Colors,Size: XXL,Gender: Men,2025-05-21T14:26:11.391270
T-shirt 236,$343.27,Rating: ⭐ 3.9 / 5,3 Colors,Size: S,Gender: Women,2025-05-21T14:26:11.391270
Hoodie 237,$296.47,Rating: ⭐ 3.1 / 5,3 Colors,Size: M,Gender: Unisex,2025-05-21T14:26:11.391270
Pants 238,$518.87,Rating: ⭐ 3.8 / 5,3 Colors,Size: L,Gender: Men,2025-05-21T14:26:11.391270
Outerwear 239,$495.88,Rating: ⭐ 3.1 / 5,3 Colors,Size: XL,Gender: Women,2025-05-21T14:26:11.391270
Jacket 240,$475.00,Rating: ⭐ 3.8 / 5,3 Colors,Size: XXL,Gender: Unisex,2025-05-21T14:26:11.391270
Unknown Product,$100.00,Rating: ⭐ Invalid Rating / 5,5 Colors,Size: M,Gender: Men,2025-05-21T14:26:13.534459
T-shirt 242,$302.10,Rating: ⭐ 3.4 / 5,3 Colors,Size: M,Gender: Women,2025-05-21T14:26:13.534459
Hoodie 243,$210.73,Rating: ⭐ 3.1 / 5,3 Colors,Size: L,Gender: Unisex,2025-05-21T14:26:13.537298
Pants 244,$507.26,Rating: ⭐ 3.1 / 5,3 Colors,Size: XL,Gender: Men,2025-05-21T14:26:13.538309
Outerwear 245,$90.73,Rating: ⭐ 4.0 / 5,3 Colors,Size: XXL,Gender: Women,2025-05-21T14:26:13.538309
Jacket 246,$545.94,Rating: ⭐ 3.1 / 5,3 Colors,Size: S,Gender: Unisex,2025-05-21T14:26:13.539372
Crewneck 247,$548.07,Rating: ⭐ 3.0 / 5,3 Colors,Size: M,Gender: Men,2025-05-21T14:26:13.539372
T-shirt 248,$142.50,Rating: ⭐ 4.5 / 5,3 Colors,Size: L,Gender: Women,2025-05-21T14:26:13.539372
Hoodie 249,$134.34,Rating: ⭐ 4.2 / 5,3 Colors,Size: XL,Gender: Unisex,2025-05-21T14:26:13.539372
Pants 250,$269.64,Rating: ⭐ 3.1 / 5,3 Colors,Size: XXL,Gender: Men,2025-05-21T14:26:13.539372
Unknown Product,$100.00,Rating: ⭐ Invalid Rating / 5,5 Colors,Size: M,Gender: Men,2025-05-21T14:26:13.539372
Jacket 252,$525.53,Rating: ⭐ 3.2 / 5,3 Colors,Size: M,Gender: Unisex,2025-05-21T14:26:13.542919
Crewneck 253,$115.92,Rating: ⭐ 3.9 / 5,3 Colors,Size: L,Gender: Men,2025-05-21T14:26:13.542919
T-shirt 254,$374.01,Rating: ⭐ 3.9 / 5,3 Colors,Size: XL,Gender: Women,2025-05-21T14:26:13.544105
Hoodie 255,$229.25,Rating: ⭐ 4.1 / 5,3 Colors,Size: XXL,Gender: Unisex,2025-05-21T14:26:13.544105
Pants 256,Unknown Price,Price Unavailable,Rating: Not Rated,8 Colors,Size: S,2025-05-21T14:26:13.545224
Outerwear 257,$442.07,Rating: ⭐ 5.0 / 5,3 Colors,Size: M,Gender: Women,2025-05-21T14:26:13.545224
Jacket 258,$130.04,Rating: ⭐ 4.7 / 5,3 Colors,Size: L,Gender: Unisex,2025-05-21T14:26:13.546290
Crewneck 259,$142.22,Rating: ⭐ 3.3 / 5,3 Colors,Size: XL,Gender: Men,2025-05-21T14:26:13.546290
T-shirt 260,$391.97,Rating: ⭐ 3.5 / 5,3 Colors,Size: XXL,Gender: Women,2025-05-21T14:26:13.546290
Unknown Product,$100.00,Rating: ⭐ Invalid Rating / 5,5 Colors,Size: M,Gender: Men,2025-05-21T14:26:16.372377
Pants 262,$68.61,Rating: ⭐ 3.4 / 5,3 Colors,Size: M,Gender: Men,2025-05-21T14:26:16.372377
Outerwear 263,$117.40,Rating: ⭐ 4.2 / 5,3 Colors,Size: L,Gender: Women,2025-05-21T14:26:16.374388
Jacket 264,$128.94,Rating: ⭐ 4.8 / 5,3 Colors,Size: XL,Gender: Unisex,2025-05-21T14:26:16.374388
Crewneck 265,$155.19,Rating: ⭐ 3.5 / 5,3 Colors,Size: XXL,Gender: Men,2025-05-21T14:26:16.374388
T-shirt 266,$302.63,Rating: ⭐ 4.6 / 5,3 Colors,Size: S,Gender: Women,2025-05-21T14:26:16.374388
Hoodie 267,$255.39,Rating: ⭐ 4.3 / 5,3 Colors,Size: M,Gender: Unisex,2025-05-21T14:26:16.374388
Pants 268,$312.82,Rating: ⭐ 3.6 / 5,3 Colors,Size: L,Gender: Men,2025-05-21T14:26:16.374388
Outerwear 269,$504.62,Rating: ⭐ 3.1 / 5,3 Colors,Size: XL,Gender: Women,2025-05-21T14:26:16.376396
Jacket 270,$160.57,Rating: ⭐ 4.2 / 5,3 Colors,Size: XXL,Gender: Unisex,2025-05-21T14:26:16.376396
Unknown Product,$100.00,Rating: ⭐ Invalid Rating / 5,5 Colors,Size: M,Gender: Men,2025-05-21T14:26:16.376396
T-shirt 272,$363.24,Rating: ⭐ 3.3 / 5,3 Colors,Size: M,Gender: Women,2025-05-21T14:26:16.376396
Hoodie 273,$330.71,Rating: ⭐ 4.9 / 5,3 Colors,Size: L,Gender: Unisex,2025-05-21T14:26:16.376396
Pants 274,$229.33,Rating: ⭐ 4.2 / 5,3 Colors,Size: XL,Gender: Men,2025-05-21T14:26:16.376396
Outerwear 275,$348.46,Rating: ⭐ 4.8 / 5,3 Colors,Size: XXL,Gender: Women,2025-05-21T14:26:16.378406
Jacket 276,$63.35,Rating: ⭐ 4.3 / 5,3 Colors,Size: S,Gender: Unisex,2025-05-21T14:26:16.378406
Crewneck 277,$148.98,Rating: ⭐ 4.7 / 5,3 Colors,Size: M,Gender: Men,2025-05-21T14:26:16.378406
T-shirt 278,$130.46,Rating: ⭐ 3.8 / 5,3 Colors,Size: L,Gender: Women,2025-05-21T14:26:16.378406
Hoodie 279,$349.52,Rating: ⭐ 4.7 / 5,3 Colors,Size: XL,Gender: Unisex,2025-05-21T14:26:16.378406
Pants 280,$468.84,Rating: ⭐ 3.9 / 5,3 Colors,Size: XXL,Gender: Men,2025-05-21T14:26:16.380419
Unknown Product,$100.00,Rating: ⭐ Invalid Rating / 5,5 Colors,Size: M,Gender: Men,2025-05-21T14:26:19.906851
Jacket 282,$139.19,Rating: ⭐ 3.0 / 5,3 Colors,Size: M,Gender: Unisex,2025-05-21T14:26:19.906851
Crewneck 283,$414.57,Rating: ⭐ 3.2 / 5,3 Colors,Size: L,Gender: Men,2025-05-21T14:26:19.906851
T-shirt 284,$410.50,Rating: ⭐ 3.6 / 5,3 Colors,Size: XL,Gender: Women,2025-05-21T14:26:19.906851
Hoodie 285,$188.07,Rating: ⭐ 3.2 / 5,3 Colors,Size: XXL,Gender: Unisex,2025-05-21T14:26:19.906851
Pants 286,Unknown Price,Price Unavailable,Rating: Not Rated,8 Colors,Size: S,2025-05-21T14:26:19.906851
Outerwear 287,$329.60,Rating: ⭐ 3.7 / 5,3 Colors,Size: M,Gender: Women,2025-05-21T14:26:19.906851
Jacket 288,$195.19,Rating: ⭐ 4.1 / 5,3 Colors,Size: L,Gender: Unisex,2025-05-21T14:26:19.906851
Crewneck 289,$55.50,Rating: ⭐ 4.0 / 5,3 Colors,Size: XL,Gender: Men,2025-05-21T14:26:19.906851
T-shirt 290,$401.57,Rating: ⭐ 4.2 / 5,3 Colors,Size: XXL,Gender: Women,2025-05-21T14:26:19.906851
Unknown Product,$100.00,Rating: ⭐ Invalid Rating / 5,5 Colors,Size: M,Gender: Men,2025-05-21T14:26:19.906851
Pants 292,$149.03,Rating: ⭐ 3.9 / 5,3 Colors,Size: M,Gender: Men,2025-05-21T14:26:19.906851
Outerwear 293,$73.51,Rating: ⭐ 4.5 / 5,3 Colors,Size: L,Gender: Women,2025-05-21T14:26:19.906851
Jacket 294,$371.70,Rating: ⭐ 3.8 / 5,3 Colors,Size: XL,Gender: Unisex,2025-05-21T14:26:19.906851
Crewneck 295,$454.17,Rating: ⭐ 4.9 / 5,3 Colors,Size: XXL,Gender: Men,2025-05-21T14:26:19.906851
T-shirt 296,$73.26,Rating: ⭐ 3.1 / 5,3 Colors,Size: S,Gender: Women,2025-05-21T14:26:19.906851
Hoodie 297,$487.57,Rating: ⭐ 3.6 / 5,3 Colors,Size: M,Gender: Unisex,2025-05-21T14:26:19.906851
Pants 298,$151.63,Rating: ⭐ 4.8 / 5,3 Colors,Size: L,Gender: Men,2025-05-21T14:26:19.906851
Outerwear 299,$121.74,Rating: ⭐ 4.3 / 5,3 Colors,Size: XL,Gender: Women,2025-05-21T14:26:19.906851
Jacket 300,$400.53,Rating: ⭐ 4.0 / 5,3 Colors,Size: XXL,Gender: Unisex,2025-05-21T14:26:19.906851
Unknown Product,$100.00,Rating: ⭐ Invalid Rating / 5,5 Colors,Size: M,Gender: Men,2025-05-21T14:26:22.265300
T-shirt 302,$356.95,Rating: ⭐ 3.2 / 5,3 Colors,Size: M,Gender: Women,2025-05-21T14:26:22.265300
Hoodie 303,$498.41,Rating: ⭐ 4.1 / 5,3 Colors,Size: L,Gender: Unisex,2025-05-21T14:26:22.265300
Pants 304,$445.61,Rating: ⭐ 3.4 / 5,3 Colors,Size: XL,Gender: Men,2025-05-21T14:26:22.265300
Outerwear 305,$395.34,Rating: ⭐ 4.5 / 5,3 Colors,Size: XXL,Gender: Women,2025-05-21T14:26:22.265300
Jacket 306,$473.44,Rating: ⭐ 4.2 / 5,3 Colors,Size: S,Gender: Unisex,2025-05-21T14:26:22.265300
Crewneck 307,$483.45,Rating: ⭐ 3.7 / 5,3 Colors,Size: M,Gender: Men,2025-05-21T14:26:22.265300
T-shirt 308,$255.38,Rating: ⭐ 4.1 / 5,3 Colors,Size: L,Gender: Women,2025-05-21T14:26:22.265300
Hoodie 309,$247.07,Rating: ⭐ 4.8 / 5,3 Colors,Size: XL,Gender: Unisex,2025-05-21T14:26:22.265300
Pants 310,$395.58,Rating: ⭐ 4.7 / 5,3 Colors,Size: XXL,Gender: Men,2025-05-21T14:26:22.265300
Unknown Product,$100.00,Rating: ⭐ Invalid Rating / 5,5 Colors,Size: M,Gender: Men,2025-05-21T14:26:22.265300
Jacket 312,$454.19,Rating: ⭐ 3.8 / 5,3 Colors,Size: M,Gender: Unisex,2025-05-21T14:26:22.265300
Crewneck 313,$121.77,Rating: ⭐ 3.1 / 5,3 Colors,Size: L,Gender: Men,2025-05-21T14:26:22.265300
T-shirt 314,$376.07,Rating: ⭐ 3.2 / 5,3 Colors,Size: XL,Gender: Women,2025-05-21T14:26:22.265300
Hoodie 315,$438.93,Rating: ⭐ 3.1 / 5,3 Colors,Size: XXL,Gender: Unisex,2025-05-21T14:26:22.273406
Pants 316,Unknown Price,Price Unavailable,Rating: Not Rated,8 Colors,Size: S,2025-05-21T14:26:22.273406
Outerwear 317,$328.69,Rating: ⭐ 3.3 / 5,3 Colors,Size: M,Gender: Women,2025-05-21T14:26:22.273406
Jacket 318,$354.20,Rating: ⭐ 3.7 / 5,3 Colors,Size: L,Gender: Unisex,2025-05-21T14:26:22.274418
Crewneck 319,$192.87,Rating: ⭐ 3.3 / 5,3 Colors,Size: XL,Gender: Men,2025-05-21T14:26:22.274418
T-shirt 320,$51.84,Rating: ⭐ 3.3 / 5,3 Colors,Size: XXL,Gender: Women,2025-05-21T14:26:22.274418
Unknown Product,$100.00,Rating: ⭐ Invalid Rating / 5,5 Colors,Size: M,Gender: Men,2025-05-21T14:26:24.433930
Pants 322,$488.15,Rating: ⭐ 3.2 / 5,3 Colors,Size: M,Gender: Men,2025-05-21T14:26:24.436444
Outerwear 323,$529.25,Rating: ⭐ 3.1 / 5,3 Colors,Size: L,Gender: Women,2025-05-21T14:26:24.436444
Jacket 324,$380.17,Rating: ⭐ 3.3 / 5,3 Colors,Size: XL,Gender: Unisex,2025-05-21T14:26:24.436444
Crewneck 325,$187.61,Rating: ⭐ 3.4 / 5,3 Colors,Size: XXL,Gender: Men,2025-05-21T14:26:24.438459
T-shirt 326,$282.46,Rating: ⭐ 4.9 / 5,3 Colors,Size: S,Gender: Women,2025-05-21T14:26:24.438459
Hoodie 327,$415.09,Rating: ⭐ 4.4 / 5,3 Colors,Size: M,Gender: Unisex,2025-05-21T14:26:24.438459
Pants 328,$358.31,Rating: ⭐ 4.5 / 5,3 Colors,Size: L,Gender: Men,2025-05-21T14:26:24.440216
Outerwear 329,$420.26,Rating: ⭐ 4.7 / 5,3 Colors,Size: XL,Gender: Women,2025-05-21T14:26:24.440216
Jacket 330,$99.45,Rating: ⭐ 4.3 / 5,3 Colors,Size: XXL,Gender: Unisex,2025-05-21T14:26:24.440216
Unknown Product,$100.00,Rating: ⭐ Invalid Rating / 5,5 Colors,Size: M,Gender: Men,2025-05-21T14:26:24.440216
T-shirt 332,$145.98,Rating: ⭐ 3.4 / 5,3 Colors,Size: M,Gender: Women,2025-05-21T14:26:24.440216
Hoodie 333,$109.13,Rating: ⭐ 4.8 / 5,3 Colors,Size: L,Gender: Unisex,2025-05-21T14:26:24.442229
Pants 334,$150.59,Rating: ⭐ 3.8 / 5,3 Colors,Size: XL,Gender: Men,2025-05-21T14:26:24.442229
Outerwear 335,$176.67,Rating: ⭐ 3.0 / 5,3 Colors,Size: XXL,Gender: Women,2025-05-21T14:26:24.442229
Jacket 336,$389.86,Rating: ⭐ 5.0 / 5,3 Colors,Size: S,Gender: Unisex,2025-05-21T14:26:24.442229
Crewneck 337,$538.05,Rating: ⭐ 4.3 / 5,3 Colors,Size: M,Gender: Men,2025-05-21T14:26:24.442229
T-shirt 338,$180.21,Rating: ⭐ 3.9 / 5,3 Colors,Size: L,Gender: Women,2025-05-21T14:26:24.442229
Hoodie 339,$276.55,Rating: ⭐ 4.9 / 5,3 Colors,Size: XL,Gender: Unisex,2025-05-21T14:26:24.444240
Pants 340,$373.45,Rating: ⭐ 4.3 / 5,3 Colors,Size: XXL,Gender: Men,2025-05-21T14:26:24.444240
Unknown Product,$100.00,Rating: ⭐ Invalid Rating / 5,5 Colors,Size: M,Gender: Men,2025-05-21T14:26:26.606279
Jacket 342,$114.23,Rating: ⭐ 4.8 / 5,3 Colors,Size: M,Gender: Unisex,2025-05-21T14:26:26.606279
Crewneck 343,$142.44,Rating: ⭐ 4.1 / 5,3 Colors,Size: L,Gender: Men,2025-05-21T14:26:26.606279
T-shirt 344,$213.48,Rating: ⭐ 4.5 / 5,3 Colors,Size: XL,Gender: Women,2025-05-21T14:26:26.606279
Hoodie 345,$473.59,Rating: ⭐ 3.3 / 5,3 Colors,Size: XXL,Gender: Unisex,2025-05-21T14:26:26.606279
Pants 346,Unknown Price,Price Unavailable,Rating: Not Rated,8 Colors,Size: S,2025-05-21T14:26:26.606279
Outerwear 347,$436.63,Rating: ⭐ 4.7 / 5,3 Colors,Size: M,Gender: Women,2025-05-21T14:26:26.606279
Jacket 348,$199.69,Rating: ⭐ 4.6 / 5,3 Colors,Size: L,Gender: Unisex,2025-05-21T14:26:26.606279
Crewneck 349,$380.35,Rating: ⭐ 3.5 / 5,3 Colors,Size: XL,Gender: Men,2025-05-21T14:26:26.606279
T-shirt 350,$502.98,Rating: ⭐ 5.0 / 5,3 Colors,Size: XXL,Gender: Women,2025-05-21T14:26:26.606279
Unknown Product,$100.00,Rating: ⭐ Invalid Rating / 5,5 Colors,Size: M,Gender: Men,2025-05-21T14:26:26.606279
Pants 352,$177.43,Rating: ⭐ 4.0 / 5,3 Colors,Size: M,Gender: Men,2025-05-21T14:26:26.606279
Outerwear 353,$60.10,Rating: ⭐ 3.6 / 5,3 Colors,Size: L,Gender: Women,2025-05-21T14:26:26.606279
Jacket 354,$143.42,Rating: ⭐ 3.8 / 5,3 Colors,Size: XL,Gender: Unisex,2025-05-21T14:26:26.606279
Crewneck 355,$265.41,Rating: ⭐ 3.2 / 5,3 Colors,Size: XXL,Gender: Men,2025-05-21T14:26:26.606279
T-shirt 356,$446.88,Rating: ⭐ 4.3 / 5,3 Colors,Size: S,Gender: Women,2025-05-21T14:26:26.610973
Hoodie 357,$233.71,Rating: ⭐ 3.6 / 5,3 Colors,Size: M,Gender: Unisex,2025-05-21T14:26:26.610973
Pants 358,$529.97,Rating: ⭐ 3.9 / 5,3 Colors,Size: L,Gender: Men,2025-05-21T14:26:26.610973
Outerwear 359,$106.03,Rating: ⭐ 4.3 / 5,3 Colors,Size: XL,Gender: Women,2025-05-21T14:26:26.610973
Jacket 360,$549.27,Rating: ⭐ 4.8 / 5,3 Colors,Size: XXL,Gender: Unisex,2025-05-21T14:26:26.610973
Unknown Product,$100.00,Rating: ⭐ Invalid Rating / 5,5 Colors,Size: M,Gender: Men,2025-05-21T14:26:28.744651
T-shirt 362,$298.55,Rating: ⭐ 5.0 / 5,3 Colors,Size: M,Gender: Women,2025-05-21T14:26:28.744651
Hoodie 363,$73.21,Rating: ⭐ 3.2 / 5,3 Colors,Size: L,Gender: Unisex,2025-05-21T14:26:28.744651
Pants 364,$310.80,Rating: ⭐ 4.8 / 5,3 Colors,Size: XL,Gender: Men,2025-05-21T14:26:28.744651
Outerwear 365,$434.78,Rating: ⭐ 4.5 / 5,3 Colors,Size: XXL,Gender: Women,2025-05-21T14:26:28.744651
Jacket 366,$365.93,Rating: ⭐ 4.9 / 5,3 Colors,Size: S,Gender: Unisex,2025-05-21T14:26:28.744651
Crewneck 367,$522.46,Rating: ⭐ 4.9 / 5,3 Colors,Size: M,Gender: Men,2025-05-21T14:26:28.746708
T-shirt 368,$60.32,Rating: ⭐ 3.2 / 5,3 Colors,Size: L,Gender: Women,2025-05-21T14:26:28.746708
Hoodie 369,$450.31,Rating: ⭐ 4.7 / 5,3 Colors,Size: XL,Gender: Unisex,2025-05-21T14:26:28.746708
Pants 370,$284.98,Rating: ⭐ 3.6 / 5,3 Colors,Size: XXL,Gender: Men,2025-05-21T14:26:28.746708
Unknown Product,$100.00,Rating: ⭐ Invalid Rating / 5,5 Colors,Size: M,Gender: Men,2025-05-21T14:26:28.746708
Jacket 372,$315.81,Rating: ⭐ 3.6 / 5,3 Colors,Size: M,Gender: Unisex,2025-05-21T14:26:28.748454
Crewneck 373,$139.44,Rating: ⭐ 3.6 / 5,3 Colors,Size: L,Gender: Men,2025-05-21T14:26:28.748454
T-shirt 374,$481.07,Rating: ⭐ 3.9 / 5,3 Colors,Size: XL,Gender: Women,2025-05-21T14:26:28.748454
Hoodie 375,$439.22,Rating: ⭐ 3.9 / 5,3 Colors,Size: XXL,Gender: Unisex,2025-05-21T14:26:28.748454
Pants 376,Unknown Price,Price Unavailable,Rating: Not Rated,8 Colors,Size: S,2025-05-21T14:26:28.748454
Outerwear 377,$425.13,Rating: ⭐ 4.8 / 5,3 Colors,Size: M,Gender: Women,2025-05-21T14:26:28.748454
Jacket 378,$212.65,Rating: ⭐ 3.6 / 5,3 Colors,Size: L,Gender: Unisex,2025-05-21T14:26:28.748454
Crewneck 379,$247.70,Rating: ⭐ 4.4 / 5,3 Colors,Size: XL,Gender: Men,2025-05-21T14:26:28.750836
T-shirt 380,$159.19,Rating: ⭐ 3.8 / 5,3 Colors,Size: XXL,Gender: Women,2025-05-21T14:26:28.750836
Unknown Product,$100.00,Rating: ⭐ Invalid Rating / 5,5 Colors,Size: M,Gender: Men,2025-05-21T14:26:31.096266
Pants 382,$84.76,Rating: ⭐ 4.4 / 5,3 Colors,Size: M,Gender: Men,2025-05-21T14:26:31.099998
Outerwear 383,$214.44,Rating: ⭐ 3.4 / 5,3 Colors,Size: L,Gender: Women,2025-05-21T14:26:31.099998
Jacket 384,$90.81,Rating: ⭐ 3.3 / 5,3 Colors,Size: XL,Gender: Unisex,2025-05-21T14:26:31.099998
Crewneck 385,$496.92,Rating: ⭐ 4.9 / 5,3 Colors,Size: XXL,Gender: Men,2025-05-21T14:26:31.099998
T-shirt 386,$299.60,Rating: ⭐ 4.6 / 5,3 Colors,Size: S,Gender: Women,2025-05-21T14:26:31.099998
Hoodie 387,$526.13,Rating: ⭐ 4.2 / 5,3 Colors,Size: M,Gender: Unisex,2025-05-21T14:26:31.099998
Pants 388,$58.20,Rating: ⭐ 3.1 / 5,3 Colors,Size: L,Gender: Men,2025-05-21T14:26:31.099998
Outerwear 389,$180.20,Rating: ⭐ 5.0 / 5,3 Colors,Size: XL,Gender: Women,2025-05-21T14:26:31.103349
Jacket 390,$339.56,Rating: ⭐ 3.3 / 5,3 Colors,Size: XXL,Gender: Unisex,2025-05-21T14:26:31.103349
Unknown Product,$100.00,Rating: ⭐ Invalid Rating / 5,5 Colors,Size: M,Gender: Men,2025-05-21T14:26:31.103349
T-shirt 392,$76.63,Rating: ⭐ 4.4 / 5,3 Colors,Size: M,Gender: Women,2025-05-21T14:26:31.103349
Hoodie 393,$254.28,Rating: ⭐ 3.2 / 5,3 Colors,Size: L,Gender: Unisex,2025-05-21T14:26:31.103349
Pants 394,$221.25,Rating: ⭐ 3.3 / 5,3 Colors,Size: XL,Gender: Men,2025-05-21T14:26:31.106149
Outerwear 395,$193.67,Rating: ⭐ 4.0 / 5,3 Colors,Size: XXL,Gender: Women,2025-05-21T14:26:31.106149
Jacket 396,$156.58,Rating: ⭐ 3.9 / 5,3 Colors,Size: S,Gender: Unisex,2025-05-21T14:26:31.106149
Crewneck 397,$53.46,Rating: ⭐ 3.6 / 5,3 Colors,Size: M,Gender: Men,2025-05-21T14:26:31.106149
T-shirt 398,$287.05,Rating: ⭐ 4.7 / 5,3 Colors,Size: L,Gender: Women,2025-05-21T14:26:31.106149
Hoodie 399,$157.72,Rating: ⭐ 3.6 / 5,3 Colors,Size: XL,Gender: Unisex,2025-05-21T14:26:31.106149
Pants 400,$376.29,Rating: ⭐ 4.7 / 5,3 Colors,Size: XXL,Gender: Men,2025-05-21T14:26:31.106149
Unknown Product,$100.00,Rating: ⭐ Invalid Rating / 5,5 Colors,Size: M,Gender: Men,2025-05-21T14:26:33.367918
Jacket 402,$126.82,Rating: ⭐ 4.6 / 5,3 Colors,Size: M,Gender: Unisex,2025-05-21T14:26:33.369333
Crewneck 403,$98.77,Rating: ⭐ 4.1 / 5,3 Colors,Size: L,Gender: Men,2025-05-21T14:26:33.369333
T-shirt 404,$218.82,Rating: ⭐ 4.9 / 5,3 Colors,Size: XL,Gender: Women,2025-05-21T14:26:33.369333
Hoodie 405,$317.51,Rating: ⭐ 3.8 / 5,3 Colors,Size: XXL,Gender: Unisex,2025-05-21T14:26:33.369333
Pants 406,Unknown Price,Price Unavailable,Rating: Not Rated,8 Colors,Size: S,2025-05-21T14:26:33.369333
Outerwear 407,$172.58,Rating: ⭐ 3.7 / 5,3 Colors,Size: M,Gender: Women,2025-05-21T14:26:33.369333
Jacket 408,$261.00,Rating: ⭐ 4.9 / 5,3 Colors,Size: L,Gender: Unisex,2025-05-21T14:26:33.369333
Crewneck 409,$201.36,Rating: ⭐ 3.5 / 5,3 Colors,Size: XL,Gender: Men,2025-05-21T14:26:33.369333
T-shirt 410,$99.17,Rating: ⭐ 3.1 / 5,3 Colors,Size: XXL,Gender: Women,2025-05-21T14:26:33.369333
Unknown Product,$100.00,Rating: ⭐ Invalid Rating / 5,5 Colors,Size: M,Gender: Men,2025-05-21T14:26:33.369333
Pants 412,$339.89,Rating: ⭐ 4.4 / 5,3 Colors,Size: M,Gender: Men,2025-05-21T14:26:33.369333
Outerwear 413,$81.65,Rating: ⭐ 3.4 / 5,3 Colors,Size: L,Gender: Women,2025-05-21T14:26:33.369333
Jacket 414,$139.67,Rating: ⭐ 3.7 / 5,3 Colors,Size: XL,Gender: Unisex,2025-05-21T14:26:33.369333
Crewneck 415,$226.09,Rating: ⭐ 3.1 / 5,3 Colors,Size: XXL,Gender: Men,2025-05-21T14:26:33.369333
T-shirt 416,$278.38,Rating: ⭐ 3.1 / 5,3 Colors,Size: S,Gender: Women,2025-05-21T14:26:33.369333
Hoodie 417,$173.09,Rating: ⭐ 4.6 / 5,3 Colors,Size: M,Gender: Unisex,2025-05-21T14:26:33.369333
Pants 418,$394.24,Rating: ⭐ 5.0 / 5,3 Colors,Size: L,Gender: Men,2025-05-21T14:26:33.369333
Outerwear 419,$437.75,Rating: ⭐ 5.0 / 5,3 Colors,Size: XL,Gender: Women,2025-05-21T14:26:33.369333
Jacket 420,$154.54,Rating: ⭐ 3.1 / 5,3 Colors,Size: XXL,Gender: Unisex,2025-05-21T14:26:33.369333
Unknown Product,$100.00,Rating: ⭐ Invalid Rating / 5,5 Colors,Size: M,Gender: Men,2025-05-21T14:26:35.515037
T-shirt 422,$57.77,Rating: ⭐ 3.9 / 5,3 Colors,Size: M,Gender: Women,2025-05-21T14:26:35.519724
Hoodie 423,$287.61,Rating: ⭐ 3.7 / 5,3 Colors,Size: L,Gender: Unisex,2025-05-21T14:26:35.519724
Pants 424,$241.61,Rating: ⭐ 4.4 / 5,3 Colors,Size: XL,Gender: Men,2025-05-21T14:26:35.519724
Outerwear 425,$158.03,Rating: ⭐ 4.8 / 5,3 Colors,Size: XXL,Gender: Women,2025-05-21T14:26:35.519724
Jacket 426,$216.40,Rating: ⭐ 3.4 / 5,3 Colors,Size: S,Gender: Unisex,2025-05-21T14:26:35.519724
Crewneck 427,$398.45,Rating: ⭐ 3.3 / 5,3 Colors,Size: M,Gender: Men,2025-05-21T14:26:35.519724
T-shirt 428,$440.82,Rating: ⭐ 4.9 / 5,3 Colors,Size: L,Gender: Women,2025-05-21T14:26:35.523514
Hoodie 429,$103.66,Rating: ⭐ 4.9 / 5,3 Colors,Size: XL,Gender: Unisex,2025-05-21T14:26:35.523514
Pants 430,$90.13,Rating: ⭐ 3.9 / 5,3 Colors,Size: XXL,Gender: Men,2025-05-21T14:26:35.523514
Unknown Product,$100.00,Rating: ⭐ Invalid Rating / 5,5 Colors,Size: M,Gender: Men,2025-05-21T14:26:35.523514
Jacket 432,$134.49,Rating: ⭐ 4.5 / 5,3 Colors,Size: M,Gender: Unisex,2025-05-21T14:26:35.523514
Crewneck 433,$242.03,Rating: ⭐ 4.2 / 5,3 Colors,Size: L,Gender: Men,2025-05-21T14:26:35.526602
T-shirt 434,$409.82,Rating: ⭐ 4.9 / 5,3 Colors,Size: XL,Gender: Women,2025-05-21T14:26:35.526602
Hoodie 435,$63.48,Rating: ⭐ 4.0 / 5,3 Colors,Size: XXL,Gender: Unisex,2025-05-21T14:26:35.526602
Pants 436,Unknown Price,Price Unavailable,Rating: Not Rated,8 Colors,Size: S,2025-05-21T14:26:35.526602
Outerwear 437,$63.55,Rating: ⭐ 3.9 / 5,3 Colors,Size: M,Gender: Women,2025-05-21T14:26:35.528847
Jacket 438,$153.32,Rating: ⭐ 4.5 / 5,3 Colors,Size: L,Gender: Unisex,2025-05-21T14:26:35.528847
Crewneck 439,$250.34,Rating: ⭐ 3.2 / 5,3 Colors,Size: XL,Gender: Men,2025-05-21T14:26:35.528847
T-shirt 440,$332.88,Rating: ⭐ 3.0 / 5,3 Colors,Size: XXL,Gender: Women,2025-05-21T14:26:35.528847
Unknown Product,$100.00,Rating: ⭐ Invalid Rating / 5,5 Colors,Size: M,Gender: Men,2025-05-21T14:26:37.731743
Pants 442,$293.85,Rating: ⭐ 4.3 / 5,3 Colors,Size: M,Gender: Men,2025-05-21T14:26:37.731743
Outerwear 443,$453.92,Rating: ⭐ 4.2 / 5,3 Colors,Size: L,Gender: Women,2025-05-21T14:26:37.731743
Jacket 444,$251.06,Rating: ⭐ 3.3 / 5,3 Colors,Size: XL,Gender: Unisex,2025-05-21T14:26:37.731743
Crewneck 445,$223.39,Rating: ⭐ 4.5 / 5,3 Colors,Size: XXL,Gender: Men,2025-05-21T14:26:37.733757
T-shirt 446,$483.76,Rating: ⭐ 3.2 / 5,3 Colors,Size: S,Gender: Women,2025-05-21T14:26:37.733757
Hoodie 447,$296.79,Rating: ⭐ 4.0 / 5,3 Colors,Size: M,Gender: Unisex,2025-05-21T14:26:37.733757
Pants 448,$51.26,Rating: ⭐ 4.4 / 5,3 Colors,Size: L,Gender: Men,2025-05-21T14:26:37.733757
Outerwear 449,$400.63,Rating: ⭐ 4.0 / 5,3 Colors,Size: XL,Gender: Women,2025-05-21T14:26:37.735756
Jacket 450,$547.18,Rating: ⭐ 3.1 / 5,3 Colors,Size: XXL,Gender: Unisex,2025-05-21T14:26:37.735756
Unknown Product,$100.00,Rating: ⭐ Invalid Rating / 5,5 Colors,Size: M,Gender: Men,2025-05-21T14:26:37.735756
T-shirt 452,$430.80,Rating: ⭐ 4.4 / 5,3 Colors,Size: M,Gender: Women,2025-05-21T14:26:37.737768
Hoodie 453,$411.06,Rating: ⭐ 4.2 / 5,3 Colors,Size: L,Gender: Unisex,2025-05-21T14:26:37.737768
Pants 454,$136.22,Rating: ⭐ 5.0 / 5,3 Colors,Size: XL,Gender: Men,2025-05-21T14:26:37.737768
Outerwear 455,$68.38,Rating: ⭐ 4.8 / 5,3 Colors,Size: XXL,Gender: Women,2025-05-21T14:26:37.737768
Jacket 456,$506.00,Rating: ⭐ 4.1 / 5,3 Colors,Size: S,Gender: Unisex,2025-05-21T14:26:37.739778
Crewneck 457,$458.93,Rating: ⭐ 4.8 / 5,3 Colors,Size: M,Gender: Men,2025-05-21T14:26:37.739778
T-shirt 458,$265.00,Rating: ⭐ 4.4 / 5,3 Colors,Size: L,Gender: Women,2025-05-21T14:26:37.739778
Hoodie 459,$202.33,Rating: ⭐ 3.5 / 5,3 Colors,Size: XL,Gender: Unisex,2025-05-21T14:26:37.739778
Pants 460,$117.55,Rating: ⭐ 3.6 / 5,3 Colors,Size: XXL,Gender: Men,2025-05-21T14:26:37.741789
Unknown Product,$100.00,Rating: ⭐ Invalid Rating / 5,5 Colors,Size: M,Gender: Men,2025-05-21T14:26:43.142994
Jacket 462,$422.99,Rating: ⭐ 4.5 / 5,3 Colors,Size: M,Gender: Unisex,2025-05-21T14:26:43.142994
Crewneck 463,$471.22,Rating: ⭐ 4.5 / 5,3 Colors,Size: L,Gender: Men,2025-05-21T14:26:43.153853
T-shirt 464,$379.38,Rating: ⭐ 4.5 / 5,3 Colors,Size: XL,Gender: Women,2025-05-21T14:26:43.153853
Hoodie 465,$385.27,Rating: ⭐ 4.7 / 5,3 Colors,Size: XXL,Gender: Unisex,2025-05-21T14:26:43.153853
Pants 466,Unknown Price,Price Unavailable,Rating: Not Rated,8 Colors,Size: S,2025-05-21T14:26:43.153853
Outerwear 467,$82.87,Rating: ⭐ 3.5 / 5,3 Colors,Size: M,Gender: Women,2025-05-21T14:26:43.156191
Jacket 468,$286.56,Rating: ⭐ 3.7 / 5,3 Colors,Size: L,Gender: Unisex,2025-05-21T14:26:43.156191
Crewneck 469,$108.68,Rating: ⭐ 4.2 / 5,3 Colors,Size: XL,Gender: Men,2025-05-21T14:26:43.156191
T-shirt 470,$483.68,Rating: ⭐ 3.1 / 5,3 Colors,Size: XXL,Gender: Women,2025-05-21T14:26:43.158497
Unknown Product,$100.00,Rating: ⭐ Invalid Rating / 5,5 Colors,Size: M,Gender: Men,2025-05-21T14:26:43.158497
Pants 472,$243.88,Rating: ⭐ 3.1 / 5,3 Colors,Size: M,Gender: Men,2025-05-21T14:26:43.158497
Outerwear 473,$342.38,Rating: ⭐ 4.2 / 5,3 Colors,Size: L,Gender: Women,2025-05-21T14:26:43.158497
Jacket 474,$366.56,Rating: ⭐ 4.7 / 5,3 Colors,Size: XL,Gender: Unisex,2025-05-21T14:26:43.160334
Crewneck 475,$438.58,Rating: ⭐ 4.6 / 5,3 Colors,Size: XXL,Gender: Men,2025-05-21T14:26:43.160334
T-shirt 476,$249.14,Rating: ⭐ 4.3 / 5,3 Colors,Size: S,Gender: Women,2025-05-21T14:26:43.160334
Hoodie 477,$414.13,Rating: ⭐ 4.2 / 5,3 Colors,Size: M,Gender: Unisex,2025-05-21T14:26:43.162234
Pants 478,$307.00,Rating: ⭐ 3.8 / 5,3 Colors,Size: L,Gender: Men,2025-05-21T14:26:43.162234
Outerwear 479,$456.40,Rating: ⭐ 4.4 / 5,3 Colors,Size: XL,Gender: Women,2025-05-21T14:26:43.162234
Jacket 480,$311.64,Rating: ⭐ 4.2 / 5,3 Colors,Size: XXL,Gender: Unisex,2025-05-21T14:26:43.162234
Unknown Product,$100.00,Rating: ⭐ Invalid Rating / 5,5 Colors,Size: M,Gender: Men,2025-05-21T14:26:45.552612
T-shirt 482,$209.53,Rating: ⭐ 4.8 / 5,3 Colors,Size: M,Gender: Women,2025-05-21T14:26:45.552612
Hoodie 483,$252.19,Rating: ⭐ 4.2 / 5,3 Colors,Size: L,Gender: Unisex,2025-05-21T14:26:45.555132
Pants 484,$401.79,Rating: ⭐ 4.1 / 5,3 Colors,Size: XL,Gender: Men,2025-05-21T14:26:45.555132
Outerwear 485,$252.78,Rating: ⭐ 4.7 / 5,3 Colors,Size: XXL,Gender: Women,2025-05-21T14:26:45.555132
Jacket 486,$160.86,Rating: ⭐ 3.0 / 5,3 Colors,Size: S,Gender: Unisex,2025-05-21T14:26:45.555132
Crewneck 487,$434.72,Rating: ⭐ 3.7 / 5,3 Colors,Size: M,Gender: Men,2025-05-21T14:26:45.555132
T-shirt 488,$549.36,Rating: ⭐ 3.8 / 5,3 Colors,Size: L,Gender: Women,2025-05-21T14:26:45.555132
Hoodie 489,$222.16,Rating: ⭐ 5.0 / 5,3 Colors,Size: XL,Gender: Unisex,2025-05-21T14:26:45.557178
Pants 490,$442.60,Rating: ⭐ 3.1 / 5,3 Colors,Size: XXL,Gender: Men,2025-05-21T14:26:45.557178
Unknown Product,$100.00,Rating: ⭐ Invalid Rating / 5,5 Colors,Size: M,Gender: Men,2025-05-21T14:26:45.557178
Jacket 492,$375.74,Rating: ⭐ 3.0 / 5,3 Colors,Size: M,Gender: Unisex,2025-05-21T14:26:45.557178
Crewneck 493,$316.97,Rating: ⭐ 4.8 / 5,3 Colors,Size: L,Gender: Men,2025-05-21T14:26:45.557178
T-shirt 494,$86.88,Rating: ⭐ 3.4 / 5,3 Colors,Size: XL,Gender: Women,2025-05-21T14:26:45.557178
Hoodie 495,$103.95,Rating: ⭐ 4.5 / 5,3 Colors,Size: XXL,Gender: Unisex,2025-05-21T14:26:45.557178
Pants 496,Unknown Price,Price Unavailable,Rating: Not Rated,8 Colors,Size: S,2025-05-21T14:26:45.557178
Outerwear 497,$247.36,Rating: ⭐ 4.4 / 5,3 Colors,Size: M,Gender: Women,2025-05-21T14:26:45.557178
Jacket 498,$275.80,Rating: ⭐ 4.6 / 5,3 Colors,Size: L,Gender: Unisex,2025-05-21T14:26:45.557178
Crewneck 499,$489.12,Rating: ⭐ 4.1 / 5,3 Colors,Size: XL,Gender: Men,2025-05-21T14:26:45.557178
T-shirt 500,$507.15,Rating: ⭐ 4.2 / 5,3 Colors,Size: XXL,Gender: Women,2025-05-21T14:26:45.562752
Unknown Product,$100.00,Rating: ⭐ Invalid Rating / 5,5 Colors,Size: M,Gender: Men,2025-05-21T14:26:48.143990
Pants 502,$445.78,Rating: ⭐ 4.4 / 5,3 Colors,Size: M,Gender: Men,2025-05-21T14:26:48.143990
Outerwear 503,$307.78,Rating: ⭐ 4.8 / 5,3 Colors,Size: L,Gender: Women,2025-05-21T14:26:48.143990
Jacket 504,$501.53,Rating: ⭐ 5.0 / 5,3 Colors,Size: XL,Gender: Unisex,2025-05-21T14:26:48.143990
Crewneck 505,$546.73,Rating: ⭐ 4.3 / 5,3 Colors,Size: XXL,Gender: Men,2025-05-21T14:26:48.146864
T-shirt 506,$535.75,Rating: ⭐ 3.6 / 5,3 Colors,Size: S,Gender: Women,2025-05-21T14:26:48.147952
Hoodie 507,$427.75,Rating: ⭐ 4.7 / 5,3 Colors,Size: M,Gender: Unisex,2025-05-21T14:26:48.147952
Pants 508,$485.38,Rating: ⭐ 3.5 / 5,3 Colors,Size: L,Gender: Men,2025-05-21T14:26:48.147952
Outerwear 509,$448.65,Rating: ⭐ 3.1 / 5,3 Colors,Size: XL,Gender: Women,2025-05-21T14:26:48.147952
Jacket 510,$97.63,Rating: ⭐ 3.4 / 5,3 Colors,Size: XXL,Gender: Unisex,2025-05-21T14:26:48.147952
Unknown Product,$100.00,Rating: ⭐ Invalid Rating / 5,5 Colors,Size: M,Gender: Men,2025-05-21T14:26:48.151546
T-shirt 512,$269.98,Rating: ⭐ 3.7 / 5,3 Colors,Size: M,Gender: Women,2025-05-21T14:26:48.151546
Hoodie 513,$105.86,Rating: ⭐ 4.4 / 5,3 Colors,Size: L,Gender: Unisex,2025-05-21T14:26:48.151546
Pants 514,$430.56,Rating: ⭐ 3.9 / 5,3 Colors,Size: XL,Gender: Men,2025-05-21T14:26:48.151546
Outerwear 515,$453.91,Rating: ⭐ 3.1 / 5,3 Colors,Size: XXL,Gender: Women,2025-05-21T14:26:48.151546
Jacket 516,$445.67,Rating: ⭐ 3.4 / 5,3 Colors,Size: S,Gender: Unisex,2025-05-21T14:26:48.151546
Crewneck 517,$66.83,Rating: ⭐ 3.5 / 5,3 Colors,Size: M,Gender: Men,2025-05-21T14:26:48.151546
T-shirt 518,$160.98,Rating: ⭐ 4.1 / 5,3 Colors,Size: L,Gender: Women,2025-05-21T14:26:48.151546
Hoodie 519,$139.76,Rating: ⭐ 4.5 / 5,3 Colors,Size: XL,Gender: Unisex,2025-05-21T14:26:48.151546
Pants 520,$144.27,Rating: ⭐ 3.8 / 5,3 Colors,Size: XXL,Gender: Men,2025-05-21T14:26:48.151546
Unknown Product,$100.00,Rating: ⭐ Invalid Rating / 5,5 Colors,Size: M,Gender: Men,2025-05-21T14:26:50.307751
Jacket 522,$393.31,Rating: ⭐ 4.0 / 5,3 Colors,Size: M,Gender: Unisex,2025-05-21T14:26:50.307751
Crewneck 523,$226.67,Rating: ⭐ 4.6 / 5,3 Colors,Size: L,Gender: Men,2025-05-21T14:26:50.309153
T-shirt 524,$58.50,Rating: ⭐ 3.8 / 5,3 Colors,Size: XL,Gender: Women,2025-05-21T14:26:50.309153
Hoodie 525,$494.94,Rating: ⭐ 3.6 / 5,3 Colors,Size: XXL,Gender: Unisex,2025-05-21T14:26:50.309153
Pants 526,Unknown Price,Price Unavailable,Rating: Not Rated,8 Colors,Size: S,2025-05-21T14:26:50.309153
Outerwear 527,$291.83,Rating: ⭐ 3.6 / 5,3 Colors,Size: M,Gender: Women,2025-05-21T14:26:50.309153
Jacket 528,$349.74,Rating: ⭐ 4.0 / 5,3 Colors,Size: L,Gender: Unisex,2025-05-21T14:26:50.309153
Crewneck 529,$88.76,Rating: ⭐ 3.2 / 5,3 Colors,Size: XL,Gender: Men,2025-05-21T14:26:50.311817
T-shirt 530,$385.86,Rating: ⭐ 3.3 / 5,3 Colors,Size: XXL,Gender: Women,2025-05-21T14:26:50.311817
Unknown Product,$100.00,Rating: ⭐ Invalid Rating / 5,5 Colors,Size: M,Gender: Men,2025-05-21T14:26:50.312916
Pants 532,$524.45,Rating: ⭐ 4.1 / 5,3 Colors,Size: M,Gender: Men,2025-05-21T14:26:50.312916
Outerwear 533,$210.64,Rating: ⭐ 4.2 / 5,3 Colors,Size: L,Gender: Women,2025-05-21T14:26:50.312916
Jacket 534,$217.45,Rating: ⭐ 3.7 / 5,3 Colors,Size: XL,Gender: Unisex,2025-05-21T14:26:50.312916
Crewneck 535,$243.83,Rating: ⭐ 3.7 / 5,3 Colors,Size: XXL,Gender: Men,2025-05-21T14:26:50.312916
T-shirt 536,$318.28,Rating: ⭐ 3.0 / 5,3 Colors,Size: S,Gender: Women,2025-05-21T14:26:50.312916
Hoodie 537,$541.99,Rating: ⭐ 3.1 / 5,3 Colors,Size: M,Gender: Unisex,2025-05-21T14:26:50.312916
Pants 538,$383.39,Rating: ⭐ 3.4 / 5,3 Colors,Size: L,Gender: Men,2025-05-21T14:26:50.312916
Outerwear 539,$293.29,Rating: ⭐ 4.7 / 5,3 Colors,Size: XL,Gender: Women,2025-05-21T14:26:50.312916
Jacket 540,$440.74,Rating: ⭐ 4.4 / 5,3 Colors,Size: XXL,Gender: Unisex,2025-05-21T14:26:50.312916
Unknown Product,$100.00,Rating: ⭐ Invalid Rating / 5,5 Colors,Size: M,Gender: Men,2025-05-21T14:26:52.503718
T-shirt 542,$297.59,Rating: ⭐ 3.5 / 5,3 Colors,Size: M,Gender: Women,2025-05-21T14:26:52.503718
Hoodie 543,$544.73,Rating: ⭐ 4.7 / 5,3 Colors,Size: L,Gender: Unisex,2025-05-21T14:26:52.507351
Pants 544,$372.36,Rating: ⭐ 3.1 / 5,3 Colors,Size: XL,Gender: Men,2025-05-21T14:26:52.507867
Outerwear 545,$223.71,Rating: ⭐ 4.0 / 5,3 Colors,Size: XXL,Gender: Women,2025-05-21T14:26:52.507867
Jacket 546,$391.97,Rating: ⭐ 3.3 / 5,3 Colors,Size: S,Gender: Unisex,2025-05-21T14:26:52.507867
Crewneck 547,$335.07,Rating: ⭐ 3.9 / 5,3 Colors,Size: M,Gender: Men,2025-05-21T14:26:52.507867
T-shirt 548,$167.89,Rating: ⭐ 4.6 / 5,3 Colors,Size: L,Gender: Women,2025-05-21T14:26:52.509879
Hoodie 549,$167.95,Rating: ⭐ 3.7 / 5,3 Colors,Size: XL,Gender: Unisex,2025-05-21T14:26:52.509879
Pants 550,$278.13,Rating: ⭐ 4.9 / 5,3 Colors,Size: XXL,Gender: Men,2025-05-21T14:26:52.509879
Unknown Product,$100.00,Rating: ⭐ Invalid Rating / 5,5 Colors,Size: M,Gender: Men,2025-05-21T14:26:52.509879
Jacket 552,$336.27,Rating: ⭐ 4.1 / 5,3 Colors,Size: M,Gender: Unisex,2025-05-21T14:26:52.511892
Crewneck 553,$485.05,Rating: ⭐ 3.8 / 5,3 Colors,Size: L,Gender: Men,2025-05-21T14:26:52.511892
T-shirt 554,$250.07,Rating: ⭐ 4.5 / 5,3 Colors,Size: XL,Gender: Women,2025-05-21T14:26:52.513702
Hoodie 555,$113.10,Rating: ⭐ 3.0 / 5,3 Colors,Size: XXL,Gender: Unisex,2025-05-21T14:26:52.513702
Pants 556,Unknown Price,Price Unavailable,Rating: Not Rated,8 Colors,Size: S,2025-05-21T14:26:52.513702
Outerwear 557,$341.28,Rating: ⭐ 3.4 / 5,3 Colors,Size: M,Gender: Women,2025-05-21T14:26:52.515588
Jacket 558,$312.94,Rating: ⭐ 4.0 / 5,3 Colors,Size: L,Gender: Unisex,2025-05-21T14:26:52.515588
Crewneck 559,$99.43,Rating: ⭐ 3.5 / 5,3 Colors,Size: XL,Gender: Men,2025-05-21T14:26:52.515588
T-shirt 560,$430.33,Rating: ⭐ 4.2 / 5,3 Colors,Size: XXL,Gender: Women,2025-05-21T14:26:52.515588
Unknown Product,$100.00,Rating: ⭐ Invalid Rating / 5,5 Colors,Size: M,Gender: Men,2025-05-21T14:26:54.726631
Pants 562,$232.76,Rating: ⭐ 4.5 / 5,3 Colors,Size: M,Gender: Men,2025-05-21T14:26:54.726631
Outerwear 563,$512.34,Rating: ⭐ 4.7 / 5,3 Colors,Size: L,Gender: Women,2025-05-21T14:26:54.726631
Jacket 564,$519.95,Rating: ⭐ 4.3 / 5,3 Colors,Size: XL,Gender: Unisex,2025-05-21T14:26:54.726631
Crewneck 565,$477.20,Rating: ⭐ 3.5 / 5,3 Colors,Size: XXL,Gender: Men,2025-05-21T14:26:54.726631
T-shirt 566,$163.21,Rating: ⭐ 4.6 / 5,3 Colors,Size: S,Gender: Women,2025-05-21T14:26:54.728919
Hoodie 567,$286.01,Rating: ⭐ 3.2 / 5,3 Colors,Size: M,Gender: Unisex,2025-05-21T14:26:54.728919
Pants 568,$186.51,Rating: ⭐ 3.3 / 5,3 Colors,Size: L,Gender: Men,2025-05-21T14:26:54.728919
Outerwear 569,$310.43,Rating: ⭐ 4.7 / 5,3 Colors,Size: XL,Gender: Women,2025-05-21T14:26:54.728919
Jacket 570,$250.06,Rating: ⭐ 3.9 / 5,3 Colors,Size: XXL,Gender: Unisex,2025-05-21T14:26:54.728919
Unknown Product,$100.00,Rating: ⭐ Invalid Rating / 5,5 Colors,Size: M,Gender: Men,2025-05-21T14:26:54.730932
T-shirt 572,$297.27,Rating: ⭐ 3.2 / 5,3 Colors,Size: M,Gender: Women,2025-05-21T14:26:54.730932
Hoodie 573,$434.63,Rating: ⭐ 4.5 / 5,3 Colors,Size: L,Gender: Unisex,2025-05-21T14:26:54.730932
Pants 574,$151.50,Rating: ⭐ 3.8 / 5,3 Colors,Size: XL,Gender: Men,2025-05-21T14:26:54.730932
Outerwear 575,$219.86,Rating: ⭐ 3.4 / 5,3 Colors,Size: XXL,Gender: Women,2025-05-21T14:26:54.733990
Jacket 576,$50.35,Rating: ⭐ 3.5 / 5,3 Colors,Size: S,Gender: Unisex,2025-05-21T14:26:54.733990
Crewneck 577,$492.12,Rating: ⭐ 3.3 / 5,3 Colors,Size: M,Gender: Men,2025-05-21T14:26:54.733990
T-shirt 578,$497.43,Rating: ⭐ 4.1 / 5,3 Colors,Size: L,Gender: Women,2025-05-21T14:26:54.736000
Hoodie 579,$276.79,Rating: ⭐ 4.4 / 5,3 Colors,Size: XL,Gender: Unisex,2025-05-21T14:26:54.736000
Pants 580,$164.09,Rating: ⭐ 3.3 / 5,3 Colors,Size: XXL,Gender: Men,2025-05-21T14:26:54.737018
Unknown Product,$100.00,Rating: ⭐ Invalid Rating / 5,5 Colors,Size: M,Gender: Men,2025-05-21T14:26:57.030468
Jacket 582,$257.01,Rating: ⭐ 4.1 / 5,3 Colors,Size: M,Gender: Unisex,2025-05-21T14:26:57.030468
Crewneck 583,$358.61,Rating: ⭐ 4.5 / 5,3 Colors,Size: L,Gender: Men,2025-05-21T14:26:57.030468
T-shirt 584,$435.31,Rating: ⭐ 4.8 / 5,3 Colors,Size: XL,Gender: Women,2025-05-21T14:26:57.030468
Hoodie 585,$386.68,Rating: ⭐ 4.9 / 5,3 Colors,Size: XXL,Gender: Unisex,2025-05-21T14:26:57.032479
Pants 586,Unknown Price,Price Unavailable,Rating: Not Rated,8 Colors,Size: S,2025-05-21T14:26:57.033513
Outerwear 587,$276.56,Rating: ⭐ 4.4 / 5,3 Colors,Size: M,Gender: Women,2025-05-21T14:26:57.033980
Jacket 588,$310.19,Rating: ⭐ 4.7 / 5,3 Colors,Size: L,Gender: Unisex,2025-05-21T14:26:57.033980
Crewneck 589,$58.24,Rating: ⭐ 4.7 / 5,3 Colors,Size: XL,Gender: Men,2025-05-21T14:26:57.033980
T-shirt 590,$403.57,Rating: ⭐ 3.9 / 5,3 Colors,Size: XXL,Gender: Women,2025-05-21T14:26:57.033980
Unknown Product,$100.00,Rating: ⭐ Invalid Rating / 5,5 Colors,Size: M,Gender: Men,2025-05-21T14:26:57.035757
Pants 592,$425.34,Rating: ⭐ 4.3 / 5,3 Colors,Size: M,Gender: Men,2025-05-21T14:26:57.035757
Outerwear 593,$447.74,Rating: ⭐ 3.9 / 5,3 Colors,Size: L,Gender: Women,2025-05-21T14:26:57.035757
Jacket 594,$544.23,Rating: ⭐ 4.2 / 5,3 Colors,Size: XL,Gender: Unisex,2025-05-21T14:26:57.035757
Crewneck 595,$232.74,Rating: ⭐ 3.5 / 5,3 Colors,Size: XXL,Gender: Men,2025-05-21T14:26:57.035757
T-shirt 596,$518.15,Rating: ⭐ 4.4 / 5,3 Colors,Size: S,Gender: Women,2025-05-21T14:26:57.035757
Hoodie 597,$498.09,Rating: ⭐ 3.3 / 5,3 Colors,Size: M,Gender: Unisex,2025-05-21T14:26:57.035757
Pants 598,$294.63,Rating: ⭐ 4.1 / 5,3 Colors,Size: L,Gender: Men,2025-05-21T14:26:57.035757
Outerwear 599,$73.69,Rating: ⭐ 3.3 / 5,3 Colors,Size: XL,Gender: Women,2025-05-21T14:26:57.035757
Jacket 600,$400.88,Rating: ⭐ 3.0 / 5,3 Colors,Size: XXL,Gender: Unisex,2025-05-21T14:26:57.035757
Unknown Product,$100.00,Rating: ⭐ Invalid Rating / 5,5 Colors,Size: M,Gender: Men,2025-05-21T14:26:59.168408
T-shirt 602,$141.31,Rating: ⭐ 4.4 / 5,3 Colors,Size: M,Gender: Women,2025-05-21T14:26:59.168408
Hoodie 603,$469.47,Rating: ⭐ 3.1 / 5,3 Colors,Size: L,Gender: Unisex,2025-05-21T14:26:59.168408
Pants 604,$478.89,Rating: ⭐ 4.3 / 5,3 Colors,Size: XL,Gender: Men,2025-05-21T14:26:59.168408
Outerwear 605,$106.92,Rating: ⭐ 3.7 / 5,3 Colors,Size: XXL,Gender: Women,2025-05-21T14:26:59.168408
Jacket 606,$360.67,Rating: ⭐ 4.6 / 5,3 Colors,Size: S,Gender: Unisex,2025-05-21T14:26:59.176867
Crewneck 607,$241.10,Rating: ⭐ 3.1 / 5,3 Colors,Size: M,Gender: Men,2025-05-21T14:26:59.177877
T-shirt 608,$440.49,Rating: ⭐ 4.6 / 5,3 Colors,Size: L,Gender: Women,2025-05-21T14:26:59.178788
Hoodie 609,$184.77,Rating: ⭐ 4.1 / 5,3 Colors,Size: XL,Gender: Unisex,2025-05-21T14:26:59.178788
Pants 610,$282.21,Rating: ⭐ 3.3 / 5,3 Colors,Size: XXL,Gender: Men,2025-05-21T14:26:59.179801
Unknown Product,$100.00,Rating: ⭐ Invalid Rating / 5,5 Colors,Size: M,Gender: Men,2025-05-21T14:26:59.179801
Jacket 612,$200.17,Rating: ⭐ 3.1 / 5,3 Colors,Size: M,Gender: Unisex,2025-05-21T14:26:59.179801
Crewneck 613,$63.37,Rating: ⭐ 3.6 / 5,3 Colors,Size: L,Gender: Men,2025-05-21T14:26:59.179801
T-shirt 614,$151.76,Rating: ⭐ 3.1 / 5,3 Colors,Size: XL,Gender: Women,2025-05-21T14:26:59.179801
Hoodie 615,$299.92,Rating: ⭐ 4.8 / 5,3 Colors,Size: XXL,Gender: Unisex,2025-05-21T14:26:59.179801
Pants 616,Unknown Price,Price Unavailable,Rating: Not Rated,8 Colors,Size: S,2025-05-21T14:26:59.179801
Outerwear 617,$110.37,Rating: ⭐ 4.3 / 5,3 Colors,Size: M,Gender: Women,2025-05-21T14:26:59.179801
Jacket 618,$404.63,Rating: ⭐ 3.3 / 5,3 Colors,Size: L,Gender: Unisex,2025-05-21T14:26:59.179801
Crewneck 619,$521.29,Rating: ⭐ 4.4 / 5,3 Colors,Size: XL,Gender: Men,2025-05-21T14:26:59.185268
T-shirt 620,$141.89,Rating: ⭐ 3.3 / 5,3 Colors,Size: XXL,Gender: Women,2025-05-21T14:26:59.185268
Unknown Product,$100.00,Rating: ⭐ Invalid Rating / 5,5 Colors,Size: M,Gender: Men,2025-05-21T14:27:01.319983
Pants 622,$303.10,Rating: ⭐ 3.5 / 5,3 Colors,Size: M,Gender: Men,2025-05-21T14:27:01.319983
Outerwear 623,$456.22,Rating: ⭐ 4.6 / 5,3 Colors,Size: L,Gender: Women,2025-05-21T14:27:01.321996
Jacket 624,$433.95,Rating: ⭐ 3.9 / 5,3 Colors,Size: XL,Gender: Unisex,2025-05-21T14:27:01.321996
Crewneck 625,$489.15,Rating: ⭐ 4.1 / 5,3 Colors,Size: XXL,Gender: Men,2025-05-21T14:27:01.321996
T-shirt 626,$486.09,Rating: ⭐ 4.5 / 5,3 Colors,Size: S,Gender: Women,2025-05-21T14:27:01.321996
Hoodie 627,$77.02,Rating: ⭐ 3.2 / 5,3 Colors,Size: M,Gender: Unisex,2025-05-21T14:27:01.324009
Pants 628,$507.07,Rating: ⭐ 4.3 / 5,3 Colors,Size: L,Gender: Men,2025-05-21T14:27:01.324009
Outerwear 629,$249.87,Rating: ⭐ 4.4 / 5,3 Colors,Size: XL,Gender: Women,2025-05-21T14:27:01.324009
Jacket 630,$62.73,Rating: ⭐ 3.8 / 5,3 Colors,Size: XXL,Gender: Unisex,2025-05-21T14:27:01.324009
Unknown Product,$100.00,Rating: ⭐ Invalid Rating / 5,5 Colors,Size: M,Gender: Men,2025-05-21T14:27:01.324009
T-shirt 632,$269.64,Rating: ⭐ 3.6 / 5,3 Colors,Size: M,Gender: Women,2025-05-21T14:27:01.326020
Hoodie 633,$195.50,Rating: ⭐ 3.1 / 5,3 Colors,Size: L,Gender: Unisex,2025-05-21T14:27:01.326020
Pants 634,$533.48,Rating: ⭐ 3.9 / 5,3 Colors,Size: XL,Gender: Men,2025-05-21T14:27:01.327033
Outerwear 635,$431.07,Rating: ⭐ 4.1 / 5,3 Colors,Size: XXL,Gender: Women,2025-05-21T14:27:01.327033
Jacket 636,$217.27,Rating: ⭐ 4.5 / 5,3 Colors,Size: S,Gender: Unisex,2025-05-21T14:27:01.327033
Crewneck 637,$376.89,Rating: ⭐ 4.0 / 5,3 Colors,Size: M,Gender: Men,2025-05-21T14:27:01.329046
T-shirt 638,$326.31,Rating: ⭐ 4.6 / 5,3 Colors,Size: L,Gender: Women,2025-05-21T14:27:01.329046
Hoodie 639,$423.92,Rating: ⭐ 4.7 / 5,3 Colors,Size: XL,Gender: Unisex,2025-05-21T14:27:01.329046
Pants 640,$189.91,Rating: ⭐ 3.8 / 5,3 Colors,Size: XXL,Gender: Men,2025-05-21T14:27:01.329046
Unknown Product,$100.00,Rating: ⭐ Invalid Rating / 5,5 Colors,Size: M,Gender: Men,2025-05-21T14:27:03.784895
Jacket 642,$484.21,Rating: ⭐ 4.7 / 5,3 Colors,Size: M,Gender: Unisex,2025-05-21T14:27:03.785918
Crewneck 643,$382.25,Rating: ⭐ 3.2 / 5,3 Colors,Size: L,Gender: Men,2025-05-21T14:27:03.785918
T-shirt 644,$467.46,Rating: ⭐ 4.2 / 5,3 Colors,Size: XL,Gender: Women,2025-05-21T14:27:03.786933
Hoodie 645,$205.34,Rating: ⭐ 3.3 / 5,3 Colors,Size: XXL,Gender: Unisex,2025-05-21T14:27:03.786933
Pants 646,Unknown Price,Price Unavailable,Rating: Not Rated,8 Colors,Size: S,2025-05-21T14:27:03.786933
Outerwear 647,$269.06,Rating: ⭐ 3.8 / 5,3 Colors,Size: M,Gender: Women,2025-05-21T14:27:03.786933
Jacket 648,$543.72,Rating: ⭐ 4.5 / 5,3 Colors,Size: L,Gender: Unisex,2025-05-21T14:27:03.786933
Crewneck 649,$536.76,Rating: ⭐ 3.2 / 5,3 Colors,Size: XL,Gender: Men,2025-05-21T14:27:03.790073
T-shirt 650,$500.80,Rating: ⭐ 3.4 / 5,3 Colors,Size: XXL,Gender: Women,2025-05-21T14:27:03.790073
Unknown Product,$100.00,Rating: ⭐ Invalid Rating / 5,5 Colors,Size: M,Gender: Men,2025-05-21T14:27:03.790073
Pants 652,$380.31,Rating: ⭐ 3.3 / 5,3 Colors,Size: M,Gender: Men,2025-05-21T14:27:03.790073
Outerwear 653,$163.88,Rating: ⭐ 4.0 / 5,3 Colors,Size: L,Gender: Women,2025-05-21T14:27:03.790073
Jacket 654,$255.59,Rating: ⭐ 4.7 / 5,3 Colors,Size: XL,Gender: Unisex,2025-05-21T14:27:03.790073
Crewneck 655,$114.64,Rating: ⭐ 4.1 / 5,3 Colors,Size: XXL,Gender: Men,2025-05-21T14:27:03.790073
T-shirt 656,$158.67,Rating: ⭐ 4.2 / 5,3 Colors,Size: S,Gender: Women,2025-05-21T14:27:03.795055
Hoodie 657,$528.69,Rating: ⭐ 4.8 / 5,3 Colors,Size: M,Gender: Unisex,2025-05-21T14:27:03.795055
Pants 658,$391.77,Rating: ⭐ 3.8 / 5,3 Colors,Size: L,Gender: Men,2025-05-21T14:27:03.796133
Outerwear 659,$113.62,Rating: ⭐ 3.3 / 5,3 Colors,Size: XL,Gender: Women,2025-05-21T14:27:03.796133
Jacket 660,$544.70,Rating: ⭐ 3.5 / 5,3 Colors,Size: XXL,Gender: Unisex,2025-05-21T14:27:03.796133
Unknown Product,$100.00,Rating: ⭐ Invalid Rating / 5,5 Colors,Size: M,Gender: Men,2025-05-21T14:27:06.297234
T-shirt 662,$88.92,Rating: ⭐ 4.5 / 5,3 Colors,Size: M,Gender: Women,2025-05-21T14:27:06.300609
Hoodie 663,$442.95,Rating: ⭐ 4.0 / 5,3 Colors,Size: L,Gender: Unisex,2025-05-21T14:27:06.300609
Pants 664,$515.54,Rating: ⭐ 3.5 / 5,3 Colors,Size: XL,Gender: Men,2025-05-21T14:27:06.300609
Outerwear 665,$252.10,Rating: ⭐ 3.2 / 5,3 Colors,Size: XXL,Gender: Women,2025-05-21T14:27:06.302277
Jacket 666,$302.75,Rating: ⭐ 3.9 / 5,3 Colors,Size: S,Gender: Unisex,2025-05-21T14:27:06.302277
Crewneck 667,$109.79,Rating: ⭐ 3.7 / 5,3 Colors,Size: M,Gender: Men,2025-05-21T14:27:06.302277
T-shirt 668,$315.29,Rating: ⭐ 3.7 / 5,3 Colors,Size: L,Gender: Women,2025-05-21T14:27:06.304678
Hoodie 669,$146.63,Rating: ⭐ 3.3 / 5,3 Colors,Size: XL,Gender: Unisex,2025-05-21T14:27:06.305198
Pants 670,$525.42,Rating: ⭐ 4.8 / 5,3 Colors,Size: XXL,Gender: Men,2025-05-21T14:27:06.305198
Unknown Product,$100.00,Rating: ⭐ Invalid Rating / 5,5 Colors,Size: M,Gender: Men,2025-05-21T14:27:06.306230
Jacket 672,$298.51,Rating: ⭐ 4.5 / 5,3 Colors,Size: M,Gender: Unisex,2025-05-21T14:27:06.306230
Crewneck 673,$175.21,Rating: ⭐ 4.7 / 5,3 Colors,Size: L,Gender: Men,2025-05-21T14:27:06.306230
T-shirt 674,$197.29,Rating: ⭐ 3.1 / 5,3 Colors,Size: XL,Gender: Women,2025-05-21T14:27:06.306230
Hoodie 675,$269.68,Rating: ⭐ 3.2 / 5,3 Colors,Size: XXL,Gender: Unisex,2025-05-21T14:27:06.306230
Pants 676,Unknown Price,Price Unavailable,Rating: Not Rated,8 Colors,Size: S,2025-05-21T14:27:06.308896
Outerwear 677,$291.09,Rating: ⭐ 3.3 / 5,3 Colors,Size: M,Gender: Women,2025-05-21T14:27:06.308896
Jacket 678,$173.57,Rating: ⭐ 4.3 / 5,3 Colors,Size: L,Gender: Unisex,2025-05-21T14:27:06.308896
Crewneck 679,$398.32,Rating: ⭐ 3.2 / 5,3 Colors,Size: XL,Gender: Men,2025-05-21T14:27:06.308896
T-shirt 680,$510.30,Rating: ⭐ 3.2 / 5,3 Colors,Size: XXL,Gender: Women,2025-05-21T14:27:06.308896
Unknown Product,$100.00,Rating: ⭐ Invalid Rating / 5,5 Colors,Size: M,Gender: Men,2025-05-21T14:27:08.840943
Pants 682,$476.03,Rating: ⭐ 3.9 / 5,3 Colors,Size: M,Gender: Men,2025-05-21T14:27:08.840943
Outerwear 683,$244.21,Rating: ⭐ 3.6 / 5,3 Colors,Size: L,Gender: Women,2025-05-21T14:27:08.840943
Jacket 684,$443.91,Rating: ⭐ 3.5 / 5,3 Colors,Size: XL,Gender: Unisex,2025-05-21T14:27:08.840943
Crewneck 685,$93.49,Rating: ⭐ 4.6 / 5,3 Colors,Size: XXL,Gender: Men,2025-05-21T14:27:08.840943
T-shirt 686,$336.36,Rating: ⭐ 3.8 / 5,3 Colors,Size: S,Gender: Women,2025-05-21T14:27:08.843146
Hoodie 687,$263.80,Rating: ⭐ 4.7 / 5,3 Colors,Size: M,Gender: Unisex,2025-05-21T14:27:08.843146
Pants 688,$92.97,Rating: ⭐ 4.4 / 5,3 Colors,Size: L,Gender: Men,2025-05-21T14:27:08.843146
Outerwear 689,$121.19,Rating: ⭐ 4.6 / 5,3 Colors,Size: XL,Gender: Women,2025-05-21T14:27:08.845142
Jacket 690,$548.91,Rating: ⭐ 4.7 / 5,3 Colors,Size: XXL,Gender: Unisex,2025-05-21T14:27:08.845142
Unknown Product,$100.00,Rating: ⭐ Invalid Rating / 5,5 Colors,Size: M,Gender: Men,2025-05-21T14:27:08.845142
T-shirt 692,$88.53,Rating: ⭐ 4.1 / 5,3 Colors,Size: M,Gender: Women,2025-05-21T14:27:08.845142
Hoodie 693,$189.48,Rating: ⭐ 4.1 / 5,3 Colors,Size: L,Gender: Unisex,2025-05-21T14:27:08.845142
Pants 694,$154.17,Rating: ⭐ 3.4 / 5,3 Colors,Size: XL,Gender: Men,2025-05-21T14:27:08.847153
Outerwear 695,$59.96,Rating: ⭐ 3.3 / 5,3 Colors,Size: XXL,Gender: Women,2025-05-21T14:27:08.847153
Jacket 696,$321.64,Rating: ⭐ 4.2 / 5,3 Colors,Size: S,Gender: Unisex,2025-05-21T14:27:08.848168
Crewneck 697,$409.07,Rating: ⭐ 5.0 / 5,3 Colors,Size: M,Gender: Men,2025-05-21T14:27:08.848168
T-shirt 698,$152.81,Rating: ⭐ 4.1 / 5,3 Colors,Size: L,Gender: Women,2025-05-21T14:27:08.848168
Hoodie 699,$328.14,Rating: ⭐ 4.5 / 5,3 Colors,Size: XL,Gender: Unisex,2025-05-21T14:27:08.848168
Pants 700,$220.41,Rating: ⭐ 4.3 / 5,3 Colors,Size: XXL,Gender: Men,2025-05-21T14:27:08.848168
Unknown Product,$100.00,Rating: ⭐ Invalid Rating / 5,5 Colors,Size: M,Gender: Men,2025-05-21T14:27:10.982863
Jacket 702,$307.98,Rating: ⭐ 4.3 / 5,3 Colors,Size: M,Gender: Unisex,2025-05-21T14:27:10.982863
Crewneck 703,$184.32,Rating: ⭐ 4.2 / 5,3 Colors,Size: L,Gender: Men,2025-05-21T14:27:10.982863
T-shirt 704,$388.39,Rating: ⭐ 4.1 / 5,3 Colors,Size: XL,Gender: Women,2025-05-21T14:27:10.982863
Hoodie 705,$190.18,Rating: ⭐ 3.1 / 5,3 Colors,Size: XXL,Gender: Unisex,2025-05-21T14:27:10.984877
Pants 706,Unknown Price,Price Unavailable,Rating: Not Rated,8 Colors,Size: S,2025-05-21T14:27:10.984877
Outerwear 707,$484.14,Rating: ⭐ 4.4 / 5,3 Colors,Size: M,Gender: Women,2025-05-21T14:27:10.984877
Jacket 708,$533.83,Rating: ⭐ 4.3 / 5,3 Colors,Size: L,Gender: Unisex,2025-05-21T14:27:10.986211
Crewneck 709,$438.90,Rating: ⭐ 3.9 / 5,3 Colors,Size: XL,Gender: Men,2025-05-21T14:27:10.986211
T-shirt 710,$234.47,Rating: ⭐ 3.2 / 5,3 Colors,Size: XXL,Gender: Women,2025-05-21T14:27:10.986211
Unknown Product,$100.00,Rating: ⭐ Invalid Rating / 5,5 Colors,Size: M,Gender: Men,2025-05-21T14:27:10.987311
Pants 712,$94.40,Rating: ⭐ 4.1 / 5,3 Colors,Size: M,Gender: Men,2025-05-21T14:27:10.987311
Outerwear 713,$196.43,Rating: ⭐ 4.4 / 5,3 Colors,Size: L,Gender: Women,2025-05-21T14:27:10.987311
Jacket 714,$55.77,Rating: ⭐ 3.1 / 5,3 Colors,Size: XL,Gender: Unisex,2025-05-21T14:27:10.987311
Crewneck 715,$438.86,Rating: ⭐ 3.9 / 5,3 Colors,Size: XXL,Gender: Men,2025-05-21T14:27:10.989517
T-shirt 716,$225.16,Rating: ⭐ 4.9 / 5,3 Colors,Size: S,Gender: Women,2025-05-21T14:27:10.989517
Hoodie 717,$95.80,Rating: ⭐ 3.6 / 5,3 Colors,Size: M,Gender: Unisex,2025-05-21T14:27:10.989517
Pants 718,$253.57,Rating: ⭐ 3.2 / 5,3 Colors,Size: L,Gender: Men,2025-05-21T14:27:10.989517
Outerwear 719,$198.31,Rating: ⭐ 4.7 / 5,3 Colors,Size: XL,Gender: Women,2025-05-21T14:27:10.991322
Jacket 720,$126.77,Rating: ⭐ 3.8 / 5,3 Colors,Size: XXL,Gender: Unisex,2025-05-21T14:27:10.991322
Unknown Product,$100.00,Rating: ⭐ Invalid Rating / 5,5 Colors,Size: M,Gender: Men,2025-05-21T14:27:13.126491
T-shirt 722,$545.27,Rating: ⭐ 3.2 / 5,3 Colors,Size: M,Gender: Women,2025-05-21T14:27:13.126491
Hoodie 723,$354.05,Rating: ⭐ 3.4 / 5,3 Colors,Size: L,Gender: Unisex,2025-05-21T14:27:13.129109
Pants 724,$301.55,Rating: ⭐ 4.7 / 5,3 Colors,Size: XL,Gender: Men,2025-05-21T14:27:13.129109
Outerwear 725,$311.20,Rating: ⭐ 3.0 / 5,3 Colors,Size: XXL,Gender: Women,2025-05-21T14:27:13.129109
Jacket 726,$396.62,Rating: ⭐ 3.5 / 5,3 Colors,Size: S,Gender: Unisex,2025-05-21T14:27:13.129109
Crewneck 727,$251.50,Rating: ⭐ 4.8 / 5,3 Colors,Size: M,Gender: Men,2025-05-21T14:27:13.131768
T-shirt 728,$510.84,Rating: ⭐ 3.0 / 5,3 Colors,Size: L,Gender: Women,2025-05-21T14:27:13.131768
Hoodie 729,$401.96,Rating: ⭐ 3.6 / 5,3 Colors,Size: XL,Gender: Unisex,2025-05-21T14:27:13.131768
Pants 730,$451.80,Rating: ⭐ 4.5 / 5,3 Colors,Size: XXL,Gender: Men,2025-05-21T14:27:13.131768
Unknown Product,$100.00,Rating: ⭐ Invalid Rating / 5,5 Colors,Size: M,Gender: Men,2025-05-21T14:27:13.131768
Jacket 732,$412.35,Rating: ⭐ 3.9 / 5,3 Colors,Size: M,Gender: Unisex,2025-05-21T14:27:13.134360
Crewneck 733,$72.68,Rating: ⭐ 4.7 / 5,3 Colors,Size: L,Gender: Men,2025-05-21T14:27:13.134360
T-shirt 734,$428.66,Rating: ⭐ 4.2 / 5,3 Colors,Size: XL,Gender: Women,2025-05-21T14:27:13.134360
Hoodie 735,$291.52,Rating: ⭐ 4.0 / 5,3 Colors,Size: XXL,Gender: Unisex,2025-05-21T14:27:13.136373
Pants 736,Unknown Price,Price Unavailable,Rating: Not Rated,8 Colors,Size: S,2025-05-21T14:27:13.136373
Outerwear 737,$63.48,Rating: ⭐ 4.7 / 5,3 Colors,Size: M,Gender: Women,2025-05-21T14:27:13.136373
Jacket 738,$118.37,Rating: ⭐ 3.7 / 5,3 Colors,Size: L,Gender: Unisex,2025-05-21T14:27:13.136373
Crewneck 739,$504.56,Rating: ⭐ 3.3 / 5,3 Colors,Size: XL,Gender: Men,2025-05-21T14:27:13.138035
T-shirt 740,$438.54,Rating: ⭐ 3.4 / 5,3 Colors,Size: XXL,Gender: Women,2025-05-21T14:27:13.138035
Unknown Product,$100.00,Rating: ⭐ Invalid Rating / 5,5 Colors,Size: M,Gender: Men,2025-05-21T14:27:15.534305
Pants 742,$351.63,Rating: ⭐ 3.6 / 5,3 Colors,Size: M,Gender: Men,2025-05-21T14:27:15.534305
Outerwear 743,$354.88,Rating: ⭐ 3.0 / 5,3 Colors,Size: L,Gender: Women,2025-05-21T14:27:15.534305
Jacket 744,$323.48,Rating: ⭐ 4.1 / 5,3 Colors,Size: XL,Gender: Unisex,2025-05-21T14:27:15.540904
Crewneck 745,$180.16,Rating: ⭐ 3.8 / 5,3 Colors,Size: XXL,Gender: Men,2025-05-21T14:27:15.540904
T-shirt 746,$94.84,Rating: ⭐ 5.0 / 5,3 Colors,Size: S,Gender: Women,2025-05-21T14:27:15.540904
Hoodie 747,$395.43,Rating: ⭐ 4.7 / 5,3 Colors,Size: M,Gender: Unisex,2025-05-21T14:27:15.540904
Pants 748,$195.88,Rating: ⭐ 3.7 / 5,3 Colors,Size: L,Gender: Men,2025-05-21T14:27:15.540904
Outerwear 749,$164.21,Rating: ⭐ 3.2 / 5,3 Colors,Size: XL,Gender: Women,2025-05-21T14:27:15.540904
Jacket 750,$64.40,Rating: ⭐ 3.7 / 5,3 Colors,Size: XXL,Gender: Unisex,2025-05-21T14:27:15.540904
Unknown Product,$100.00,Rating: ⭐ Invalid Rating / 5,5 Colors,Size: M,Gender: Men,2025-05-21T14:27:15.540904
T-shirt 752,$464.47,Rating: ⭐ 3.8 / 5,3 Colors,Size: M,Gender: Women,2025-05-21T14:27:15.540904
Hoodie 753,$508.60,Rating: ⭐ 4.8 / 5,3 Colors,Size: L,Gender: Unisex,2025-05-21T14:27:15.540904
Pants 754,$451.86,Rating: ⭐ 3.1 / 5,3 Colors,Size: XL,Gender: Men,2025-05-21T14:27:15.540904
Outerwear 755,$431.90,Rating: ⭐ 4.6 / 5,3 Colors,Size: XXL,Gender: Women,2025-05-21T14:27:15.540904
Jacket 756,$445.50,Rating: ⭐ 3.1 / 5,3 Colors,Size: S,Gender: Unisex,2025-05-21T14:27:15.540904
Crewneck 757,$473.92,Rating: ⭐ 4.4 / 5,3 Colors,Size: M,Gender: Men,2025-05-21T14:27:15.540904
T-shirt 758,$376.62,Rating: ⭐ 3.1 / 5,3 Colors,Size: L,Gender: Women,2025-05-21T14:27:15.540904
Hoodie 759,$173.74,Rating: ⭐ 4.7 / 5,3 Colors,Size: XL,Gender: Unisex,2025-05-21T14:27:15.540904
Pants 760,$136.94,Rating: ⭐ 4.1 / 5,3 Colors,Size: XXL,Gender: Men,2025-05-21T14:27:15.540904
Unknown Product,$100.00,Rating: ⭐ Invalid Rating / 5,5 Colors,Size: M,Gender: Men,2025-05-21T14:27:17.709450
Jacket 762,$255.74,Rating: ⭐ 4.9 / 5,3 Colors,Size: M,Gender: Unisex,2025-05-21T14:27:17.709450
Crewneck 763,$362.04,Rating: ⭐ 3.9 / 5,3 Colors,Size: L,Gender: Men,2025-05-21T14:27:17.712122
T-shirt 764,$450.73,Rating: ⭐ 3.4 / 5,3 Colors,Size: XL,Gender: Women,2025-05-21T14:27:17.712122
Hoodie 765,$83.96,Rating: ⭐ 4.9 / 5,3 Colors,Size: XXL,Gender: Unisex,2025-05-21T14:27:17.712122
Pants 766,Unknown Price,Price Unavailable,Rating: Not Rated,8 Colors,Size: S,2025-05-21T14:27:17.712122
Outerwear 767,$259.55,Rating: ⭐ 4.5 / 5,3 Colors,Size: M,Gender: Women,2025-05-21T14:27:17.714307
Jacket 768,$353.88,Rating: ⭐ 4.9 / 5,3 Colors,Size: L,Gender: Unisex,2025-05-21T14:27:17.714307
Crewneck 769,$393.41,Rating: ⭐ 3.3 / 5,3 Colors,Size: XL,Gender: Men,2025-05-21T14:27:17.714307
T-shirt 770,$103.44,Rating: ⭐ 3.5 / 5,3 Colors,Size: XXL,Gender: Women,2025-05-21T14:27:17.714307
Unknown Product,$100.00,Rating: ⭐ Invalid Rating / 5,5 Colors,Size: M,Gender: Men,2025-05-21T14:27:17.714307
Pants 772,$546.76,Rating: ⭐ 3.4 / 5,3 Colors,Size: M,Gender: Men,2025-05-21T14:27:17.714307
Outerwear 773,$212.10,Rating: ⭐ 3.2 / 5,3 Colors,Size: L,Gender: Women,2025-05-21T14:27:17.714307
Jacket 774,$92.86,Rating: ⭐ 4.1 / 5,3 Colors,Size: XL,Gender: Unisex,2025-05-21T14:27:17.717755
Crewneck 775,$511.84,Rating: ⭐ 3.1 / 5,3 Colors,Size: XXL,Gender: Men,2025-05-21T14:27:17.717755
T-shirt 776,$333.32,Rating: ⭐ 3.7 / 5,3 Colors,Size: S,Gender: Women,2025-05-21T14:27:17.717755
Hoodie 777,$381.55,Rating: ⭐ 3.4 / 5,3 Colors,Size: M,Gender: Unisex,2025-05-21T14:27:17.717755
Pants 778,$377.17,Rating: ⭐ 4.2 / 5,3 Colors,Size: L,Gender: Men,2025-05-21T14:27:17.717755
Outerwear 779,$363.53,Rating: ⭐ 3.2 / 5,3 Colors,Size: XL,Gender: Women,2025-05-21T14:27:17.717755
Jacket 780,$172.97,Rating: ⭐ 3.4 / 5,3 Colors,Size: XXL,Gender: Unisex,2025-05-21T14:27:17.717755
Unknown Product,$100.00,Rating: ⭐ Invalid Rating / 5,5 Colors,Size: M,Gender: Men,2025-05-21T14:27:19.991360
T-shirt 782,$257.34,Rating: ⭐ 4.5 / 5,3 Colors,Size: M,Gender: Women,2025-05-21T14:27:19.991360
Hoodie 783,$156.92,Rating: ⭐ 3.0 / 5,3 Colors,Size: L,Gender: Unisex,2025-05-21T14:27:19.991360
Pants 784,$333.83,Rating: ⭐ 3.0 / 5,3 Colors,Size: XL,Gender: Men,2025-05-21T14:27:19.991360
Outerwear 785,$402.78,Rating: ⭐ 4.3 / 5,3 Colors,Size: XXL,Gender: Women,2025-05-21T14:27:19.991360
Jacket 786,$421.83,Rating: ⭐ 5.0 / 5,3 Colors,Size: S,Gender: Unisex,2025-05-21T14:27:19.991360
Crewneck 787,$287.10,Rating: ⭐ 4.7 / 5,3 Colors,Size: M,Gender: Men,2025-05-21T14:27:19.991360
T-shirt 788,$190.07,Rating: ⭐ 4.7 / 5,3 Colors,Size: L,Gender: Women,2025-05-21T14:27:19.991360
Hoodie 789,$134.58,Rating: ⭐ 4.0 / 5,3 Colors,Size: XL,Gender: Unisex,2025-05-21T14:27:19.991360
Pants 790,$106.77,Rating: ⭐ 3.2 / 5,3 Colors,Size: XXL,Gender: Men,2025-05-21T14:27:19.991360
Unknown Product,$100.00,Rating: ⭐ Invalid Rating / 5,5 Colors,Size: M,Gender: Men,2025-05-21T14:27:19.991360
Jacket 792,$254.31,Rating: ⭐ 3.8 / 5,3 Colors,Size: M,Gender: Unisex,2025-05-21T14:27:19.991360
Crewneck 793,$540.63,Rating: ⭐ 4.0 / 5,3 Colors,Size: L,Gender: Men,2025-05-21T14:27:19.991360
T-shirt 794,$373.94,Rating: ⭐ 4.0 / 5,3 Colors,Size: XL,Gender: Women,2025-05-21T14:27:19.991360
Hoodie 795,$263.10,Rating: ⭐ 3.9 / 5,3 Colors,Size: XXL,Gender: Unisex,2025-05-21T14:27:19.991360
Pants 796,Unknown Price,Price Unavailable,Rating: Not Rated,8 Colors,Size: S,2025-05-21T14:27:19.998041
Outerwear 797,$173.21,Rating: ⭐ 4.9 / 5,3 Colors,Size: M,Gender: Women,2025-05-21T14:27:19.998041
Jacket 798,$274.44,Rating: ⭐ 3.4 / 5,3 Colors,Size: L,Gender: Unisex,2025-05-21T14:27:19.998041
Crewneck 799,$253.05,Rating: ⭐ 4.2 / 5,3 Colors,Size: XL,Gender: Men,2025-05-21T14:27:19.998041
T-shirt 800,$464.58,Rating: ⭐ 4.6 / 5,3 Colors,Size: XXL,Gender: Women,2025-05-21T14:27:19.998041
Unknown Product,$100.00,Rating: ⭐ Invalid Rating / 5,5 Colors,Size: M,Gender: Men,2025-05-21T14:27:22.358275
Pants 802,$356.89,Rating: ⭐ 4.4 / 5,3 Colors,Size: M,Gender: Men,2025-05-21T14:27:22.360013
Outerwear 803,$117.21,Rating: ⭐ 4.3 / 5,3 Colors,Size: L,Gender: Women,2025-05-21T14:27:22.360013
Jacket 804,$278.69,Rating: ⭐ 3.9 / 5,3 Colors,Size: XL,Gender: Unisex,2025-05-21T14:27:22.360013
Crewneck 805,$204.17,Rating: ⭐ 4.8 / 5,3 Colors,Size: XXL,Gender: Men,2025-05-21T14:27:22.360013
T-shirt 806,$456.91,Rating: ⭐ 3.0 / 5,3 Colors,Size: S,Gender: Women,2025-05-21T14:27:22.360013
Hoodie 807,$313.50,Rating: ⭐ 4.7 / 5,3 Colors,Size: M,Gender: Unisex,2025-05-21T14:27:22.360013
Pants 808,$544.86,Rating: ⭐ 3.2 / 5,3 Colors,Size: L,Gender: Men,2025-05-21T14:27:22.363239
Outerwear 809,$447.66,Rating: ⭐ 3.7 / 5,3 Colors,Size: XL,Gender: Women,2025-05-21T14:27:22.363239
Jacket 810,$237.29,Rating: ⭐ 4.8 / 5,3 Colors,Size: XXL,Gender: Unisex,2025-05-21T14:27:22.363239
Unknown Product,$100.00,Rating: ⭐ Invalid Rating / 5,5 Colors,Size: M,Gender: Men,2025-05-21T14:27:22.364835
T-shirt 812,$400.38,Rating: ⭐ 4.2 / 5,3 Colors,Size: M,Gender: Women,2025-05-21T14:27:22.365248
Hoodie 813,$304.55,Rating: ⭐ 5.0 / 5,3 Colors,Size: L,Gender: Unisex,2025-05-21T14:27:22.366299
Pants 814,$69.38,Rating: ⭐ 4.7 / 5,3 Colors,Size: XL,Gender: Men,2025-05-21T14:27:22.366299
Outerwear 815,$374.09,Rating: ⭐ 4.8 / 5,3 Colors,Size: XXL,Gender: Women,2025-05-21T14:27:22.366299
Jacket 816,$103.07,Rating: ⭐ 4.5 / 5,3 Colors,Size: S,Gender: Unisex,2025-05-21T14:27:22.366299
Crewneck 817,$546.51,Rating: ⭐ 4.4 / 5,3 Colors,Size: M,Gender: Men,2025-05-21T14:27:22.366299
T-shirt 818,$322.52,Rating: ⭐ 3.8 / 5,3 Colors,Size: L,Gender: Women,2025-05-21T14:27:22.366299
Hoodie 819,$296.40,Rating: ⭐ 4.7 / 5,3 Colors,Size: XL,Gender: Unisex,2025-05-21T14:27:22.366299
Pants 820,$376.92,Rating: ⭐ 3.4 / 5,3 Colors,Size: XXL,Gender: Men,2025-05-21T14:27:22.366299
Unknown Product,$100.00,Rating: ⭐ Invalid Rating / 5,5 Colors,Size: M,Gender: Men,2025-05-21T14:27:24.590847
Jacket 822,$52.39,Rating: ⭐ 4.2 / 5,3 Colors,Size: M,Gender: Unisex,2025-05-21T14:27:24.590847
Crewneck 823,$381.47,Rating: ⭐ 4.7 / 5,3 Colors,Size: L,Gender: Men,2025-05-21T14:27:24.590847
T-shirt 824,$206.34,Rating: ⭐ 4.1 / 5,3 Colors,Size: XL,Gender: Women,2025-05-21T14:27:24.590847
Hoodie 825,$66.15,Rating: ⭐ 3.8 / 5,3 Colors,Size: XXL,Gender: Unisex,2025-05-21T14:27:24.590847
Pants 826,Unknown Price,Price Unavailable,Rating: Not Rated,8 Colors,Size: S,2025-05-21T14:27:24.590847
Outerwear 827,$443.19,Rating: ⭐ 4.8 / 5,3 Colors,Size: M,Gender: Women,2025-05-21T14:27:24.590847
Jacket 828,$145.25,Rating: ⭐ 4.6 / 5,3 Colors,Size: L,Gender: Unisex,2025-05-21T14:27:24.594711
Crewneck 829,$289.40,Rating: ⭐ 4.4 / 5,3 Colors,Size: XL,Gender: Men,2025-05-21T14:27:24.594711
T-shirt 830,$281.03,Rating: ⭐ 3.0 / 5,3 Colors,Size: XXL,Gender: Women,2025-05-21T14:27:24.594711
Unknown Product,$100.00,Rating: ⭐ Invalid Rating / 5,5 Colors,Size: M,Gender: Men,2025-05-21T14:27:24.596828
Pants 832,$247.21,Rating: ⭐ 4.6 / 5,3 Colors,Size: M,Gender: Men,2025-05-21T14:27:24.596828
Outerwear 833,$443.83,Rating: ⭐ 3.0 / 5,3 Colors,Size: L,Gender: Women,2025-05-21T14:27:24.596828
Jacket 834,$451.48,Rating: ⭐ 3.1 / 5,3 Colors,Size: XL,Gender: Unisex,2025-05-21T14:27:24.596828
Crewneck 835,$446.46,Rating: ⭐ 3.9 / 5,3 Colors,Size: XXL,Gender: Men,2025-05-21T14:27:24.596828
T-shirt 836,$379.09,Rating: ⭐ 4.1 / 5,3 Colors,Size: S,Gender: Women,2025-05-21T14:27:24.596828
Hoodie 837,$345.79,Rating: ⭐ 5.0 / 5,3 Colors,Size: M,Gender: Unisex,2025-05-21T14:27:24.596828
Pants 838,$178.05,Rating: ⭐ 3.1 / 5,3 Colors,Size: L,Gender: Men,2025-05-21T14:27:24.596828
Outerwear 839,$263.02,Rating: ⭐ 3.9 / 5,3 Colors,Size: XL,Gender: Women,2025-05-21T14:27:24.596828
Jacket 840,$510.29,Rating: ⭐ 3.6 / 5,3 Colors,Size: XXL,Gender: Unisex,2025-05-21T14:27:24.596828
Unknown Product,$100.00,Rating: ⭐ Invalid Rating / 5,5 Colors,Size: M,Gender: Men,2025-05-21T14:27:26.779573
T-shirt 842,$178.69,Rating: ⭐ 3.3 / 5,3 Colors,Size: M,Gender: Women,2025-05-21T14:27:26.779573
Hoodie 843,$187.32,Rating: ⭐ 3.6 / 5,3 Colors,Size: L,Gender: Unisex,2025-05-21T14:27:26.779573
Pants 844,$463.93,Rating: ⭐ 3.9 / 5,3 Colors,Size: XL,Gender: Men,2025-05-21T14:27:26.779573
Outerwear 845,$126.45,Rating: ⭐ 3.2 / 5,3 Colors,Size: XXL,Gender: Women,2025-05-21T14:27:26.779573
Jacket 846,$467.53,Rating: ⭐ 3.6 / 5,3 Colors,Size: S,Gender: Unisex,2025-05-21T14:27:26.782253
Crewneck 847,$299.37,Rating: ⭐ 3.7 / 5,3 Colors,Size: M,Gender: Men,2025-05-21T14:27:26.782253
T-shirt 848,$383.39,Rating: ⭐ 4.1 / 5,3 Colors,Size: L,Gender: Women,2025-05-21T14:27:26.782253
Hoodie 849,$488.51,Rating: ⭐ 3.5 / 5,3 Colors,Size: XL,Gender: Unisex,2025-05-21T14:27:26.782253
Pants 850,$259.01,Rating: ⭐ 4.2 / 5,3 Colors,Size: XXL,Gender: Men,2025-05-21T14:27:26.782253
Unknown Product,$100.00,Rating: ⭐ Invalid Rating / 5,5 Colors,Size: M,Gender: Men,2025-05-21T14:27:26.784263
Jacket 852,$173.58,Rating: ⭐ 4.1 / 5,3 Colors,Size: M,Gender: Unisex,2025-05-21T14:27:26.784263
Crewneck 853,$165.24,Rating: ⭐ 3.4 / 5,3 Colors,Size: L,Gender: Men,2025-05-21T14:27:26.784263
T-shirt 854,$100.00,Rating: ⭐ 4.5 / 5,3 Colors,Size: XL,Gender: Women,2025-05-21T14:27:26.786020
Hoodie 855,$203.11,Rating: ⭐ 5.0 / 5,3 Colors,Size: XXL,Gender: Unisex,2025-05-21T14:27:26.786020
Pants 856,Unknown Price,Price Unavailable,Rating: Not Rated,8 Colors,Size: S,2025-05-21T14:27:26.786020
Outerwear 857,$283.30,Rating: ⭐ 3.0 / 5,3 Colors,Size: M,Gender: Women,2025-05-21T14:27:26.787202
Jacket 858,$234.29,Rating: ⭐ 3.7 / 5,3 Colors,Size: L,Gender: Unisex,2025-05-21T14:27:26.787202
Crewneck 859,$401.16,Rating: ⭐ 3.0 / 5,3 Colors,Size: XL,Gender: Men,2025-05-21T14:27:26.789261
T-shirt 860,$151.21,Rating: ⭐ 4.7 / 5,3 Colors,Size: XXL,Gender: Women,2025-05-21T14:27:26.789261
Unknown Product,$100.00,Rating: ⭐ Invalid Rating / 5,5 Colors,Size: M,Gender: Men,2025-05-21T14:27:28.960990
Pants 862,$258.21,Rating: ⭐ 3.3 / 5,3 Colors,Size: M,Gender: Men,2025-05-21T14:27:28.960990
Outerwear 863,$66.96,Rating: ⭐ 4.0 / 5,3 Colors,Size: L,Gender: Women,2025-05-21T14:27:28.963003
Jacket 864,$135.50,Rating: ⭐ 4.5 / 5,3 Colors,Size: XL,Gender: Unisex,2025-05-21T14:27:28.963003
Crewneck 865,$425.32,Rating: ⭐ 3.9 / 5,3 Colors,Size: XXL,Gender: Men,2025-05-21T14:27:28.963003
T-shirt 866,$149.94,Rating: ⭐ 3.2 / 5,3 Colors,Size: S,Gender: Women,2025-05-21T14:27:28.963003
Hoodie 867,$81.49,Rating: ⭐ 3.3 / 5,3 Colors,Size: M,Gender: Unisex,2025-05-21T14:27:28.963003
Pants 868,$467.11,Rating: ⭐ 4.6 / 5,3 Colors,Size: L,Gender: Men,2025-05-21T14:27:28.963003
Outerwear 869,$377.52,Rating: ⭐ 4.5 / 5,3 Colors,Size: XL,Gender: Women,2025-05-21T14:27:28.963003
Jacket 870,$399.69,Rating: ⭐ 3.5 / 5,3 Colors,Size: XXL,Gender: Unisex,2025-05-21T14:27:28.966909
Unknown Product,$100.00,Rating: ⭐ Invalid Rating / 5,5 Colors,Size: M,Gender: Men,2025-05-21T14:27:28.966909
T-shirt 872,$83.98,Rating: ⭐ 4.3 / 5,3 Colors,Size: M,Gender: Women,2025-05-21T14:27:28.966909
Hoodie 873,$520.10,Rating: ⭐ 4.8 / 5,3 Colors,Size: L,Gender: Unisex,2025-05-21T14:27:28.968924
Pants 874,$172.20,Rating: ⭐ 4.4 / 5,3 Colors,Size: XL,Gender: Men,2025-05-21T14:27:28.968924
Outerwear 875,$156.67,Rating: ⭐ 4.6 / 5,3 Colors,Size: XXL,Gender: Women,2025-05-21T14:27:28.968924
Jacket 876,$201.61,Rating: ⭐ 4.6 / 5,3 Colors,Size: S,Gender: Unisex,2025-05-21T14:27:28.968924
Crewneck 877,$284.54,Rating: ⭐ 4.6 / 5,3 Colors,Size: M,Gender: Men,2025-05-21T14:27:28.968924
T-shirt 878,$300.61,Rating: ⭐ 4.7 / 5,3 Colors,Size: L,Gender: Women,2025-05-21T14:27:28.968924
Hoodie 879,$64.18,Rating: ⭐ 3.1 / 5,3 Colors,Size: XL,Gender: Unisex,2025-05-21T14:27:28.968924
Pants 880,$406.11,Rating: ⭐ 4.3 / 5,3 Colors,Size: XXL,Gender: Men,2025-05-21T14:27:28.968924
Unknown Product,$100.00,Rating: ⭐ Invalid Rating / 5,5 Colors,Size: M,Gender: Men,2025-05-21T14:27:31.172614
Jacket 882,$401.31,Rating: ⭐ 3.3 / 5,3 Colors,Size: M,Gender: Unisex,2025-05-21T14:27:31.172614
Crewneck 883,$368.82,Rating: ⭐ 3.6 / 5,3 Colors,Size: L,Gender: Men,2025-05-21T14:27:31.174145
T-shirt 884,$463.42,Rating: ⭐ 4.3 / 5,3 Colors,Size: XL,Gender: Women,2025-05-21T14:27:31.174145
Hoodie 885,$297.54,Rating: ⭐ 3.4 / 5,3 Colors,Size: XXL,Gender: Unisex,2025-05-21T14:27:31.175657
Pants 886,Unknown Price,Price Unavailable,Rating: Not Rated,8 Colors,Size: S,2025-05-21T14:27:31.175657
Outerwear 887,$487.90,Rating: ⭐ 3.8 / 5,3 Colors,Size: M,Gender: Women,2025-05-21T14:27:31.175657
Jacket 888,$491.83,Rating: ⭐ 4.2 / 5,3 Colors,Size: L,Gender: Unisex,2025-05-21T14:27:31.175657
Crewneck 889,$395.87,Rating: ⭐ 4.6 / 5,3 Colors,Size: XL,Gender: Men,2025-05-21T14:27:31.178027
T-shirt 890,$402.44,Rating: ⭐ 4.7 / 5,3 Colors,Size: XXL,Gender: Women,2025-05-21T14:27:31.178027
Unknown Product,$100.00,Rating: ⭐ Invalid Rating / 5,5 Colors,Size: M,Gender: Men,2025-05-21T14:27:31.178027
Pants 892,$532.21,Rating: ⭐ 4.4 / 5,3 Colors,Size: M,Gender: Men,2025-05-21T14:27:31.178027
Outerwear 893,$167.10,Rating: ⭐ 3.2 / 5,3 Colors,Size: L,Gender: Women,2025-05-21T14:27:31.178027
Jacket 894,$184.16,Rating: ⭐ 4.8 / 5,3 Colors,Size: XL,Gender: Unisex,2025-05-21T14:27:31.178027
Crewneck 895,$70.42,Rating: ⭐ 4.3 / 5,3 Colors,Size: XXL,Gender: Men,2025-05-21T14:27:31.178027
T-shirt 896,$492.11,Rating: ⭐ 4.9 / 5,3 Colors,Size: S,Gender: Women,2025-05-21T14:27:31.178027
Hoodie 897,$379.87,Rating: ⭐ 3.1 / 5,3 Colors,Size: M,Gender: Unisex,2025-05-21T14:27:31.178027
Pants 898,$525.54,Rating: ⭐ 4.1 / 5,3 Colors,Size: L,Gender: Men,2025-05-21T14:27:31.178027
Outerwear 899,$387.06,Rating: ⭐ 4.8 / 5,3 Colors,Size: XL,Gender: Women,2025-05-21T14:27:31.178027
Jacket 900,$450.89,Rating: ⭐ 3.3 / 5,3 Colors,Size: XXL,Gender: Unisex,2025-05-21T14:27:31.178027
Unknown Product,$100.00,Rating: ⭐ Invalid Rating / 5,5 Colors,Size: M,Gender: Men,2025-05-21T14:27:33.636483
T-shirt 902,$197.75,Rating: ⭐ 3.6 / 5,3 Colors,Size: M,Gender: Women,2025-05-21T14:27:33.636993
Hoodie 903,$163.62,Rating: ⭐ 4.1 / 5,3 Colors,Size: L,Gender: Unisex,2025-05-21T14:27:33.636993
Pants 904,$209.77,Rating: ⭐ 3.9 / 5,3 Colors,Size: XL,Gender: Men,2025-05-21T14:27:33.636993
Outerwear 905,$314.24,Rating: ⭐ 4.9 / 5,3 Colors,Size: XXL,Gender: Women,2025-05-21T14:27:33.636993
Jacket 906,$268.86,Rating: ⭐ 3.9 / 5,3 Colors,Size: S,Gender: Unisex,2025-05-21T14:27:33.636993
Crewneck 907,$545.79,Rating: ⭐ 4.9 / 5,3 Colors,Size: M,Gender: Men,2025-05-21T14:27:33.639005
T-shirt 908,$497.18,Rating: ⭐ 4.2 / 5,3 Colors,Size: L,Gender: Women,2025-05-21T14:27:33.639005
Hoodie 909,$523.99,Rating: ⭐ 3.6 / 5,3 Colors,Size: XL,Gender: Unisex,2025-05-21T14:27:33.639005
Pants 910,$149.70,Rating: ⭐ 4.7 / 5,3 Colors,Size: XXL,Gender: Men,2025-05-21T14:27:33.639005
Unknown Product,$100.00,Rating: ⭐ Invalid Rating / 5,5 Colors,Size: M,Gender: Men,2025-05-21T14:27:33.639005
Jacket 912,$490.83,Rating: ⭐ 4.9 / 5,3 Colors,Size: M,Gender: Unisex,2025-05-21T14:27:33.641016
Crewneck 913,$201.39,Rating: ⭐ 3.5 / 5,3 Colors,Size: L,Gender: Men,2025-05-21T14:27:33.641016
T-shirt 914,$362.45,Rating: ⭐ 4.6 / 5,3 Colors,Size: XL,Gender: Women,2025-05-21T14:27:33.641016
Hoodie 915,$165.57,Rating: ⭐ 4.2 / 5,3 Colors,Size: XXL,Gender: Unisex,2025-05-21T14:27:33.642632
Pants 916,Unknown Price,Price Unavailable,Rating: Not Rated,8 Colors,Size: S,2025-05-21T14:27:33.642632
Outerwear 917,$378.85,Rating: ⭐ 4.0 / 5,3 Colors,Size: M,Gender: Women,2025-05-21T14:27:33.642632
Jacket 918,$336.30,Rating: ⭐ 3.3 / 5,3 Colors,Size: L,Gender: Unisex,2025-05-21T14:27:33.642632
Crewneck 919,$522.75,Rating: ⭐ 4.7 / 5,3 Colors,Size: XL,Gender: Men,2025-05-21T14:27:33.642632
T-shirt 920,$231.63,Rating: ⭐ 3.2 / 5,3 Colors,Size: XXL,Gender: Women,2025-05-21T14:27:33.644751
Unknown Product,$100.00,Rating: ⭐ Invalid Rating / 5,5 Colors,Size: M,Gender: Men,2025-05-21T14:27:36.281501
Pants 922,$75.68,Rating: ⭐ 4.4 / 5,3 Colors,Size: M,Gender: Men,2025-05-21T14:27:36.281501
Outerwear 923,$152.24,Rating: ⭐ 3.7 / 5,3 Colors,Size: L,Gender: Women,2025-05-21T14:27:36.282611
Jacket 924,$235.27,Rating: ⭐ 3.8 / 5,3 Colors,Size: XL,Gender: Unisex,2025-05-21T14:27:36.282611
Crewneck 925,$493.80,Rating: ⭐ 4.5 / 5,3 Colors,Size: XXL,Gender: Men,2025-05-21T14:27:36.282611
T-shirt 926,$119.44,Rating: ⭐ 4.6 / 5,3 Colors,Size: S,Gender: Women,2025-05-21T14:27:36.282611
Hoodie 927,$481.65,Rating: ⭐ 3.5 / 5,3 Colors,Size: M,Gender: Unisex,2025-05-21T14:27:36.282611
Pants 928,$244.48,Rating: ⭐ 3.4 / 5,3 Colors,Size: L,Gender: Men,2025-05-21T14:27:36.282611
Outerwear 929,$78.34,Rating: ⭐ 3.3 / 5,3 Colors,Size: XL,Gender: Women,2025-05-21T14:27:36.282611
Jacket 930,$108.82,Rating: ⭐ 4.9 / 5,3 Colors,Size: XXL,Gender: Unisex,2025-05-21T14:27:36.282611
Unknown Product,$100.00,Rating: ⭐ Invalid Rating / 5,5 Colors,Size: M,Gender: Men,2025-05-21T14:27:36.282611
T-shirt 932,$371.10,Rating: ⭐ 4.2 / 5,3 Colors,Size: M,Gender: Women,2025-05-21T14:27:36.282611
Hoodie 933,$310.05,Rating: ⭐ 3.4 / 5,3 Colors,Size: L,Gender: Unisex,2025-05-21T14:27:36.282611
Pants 934,$140.51,Rating: ⭐ 3.6 / 5,3 Colors,Size: XL,Gender: Men,2025-05-21T14:27:36.282611
Outerwear 935,$378.00,Rating: ⭐ 4.1 / 5,3 Colors,Size: XXL,Gender: Women,2025-05-21T14:27:36.282611
Jacket 936,$385.34,Rating: ⭐ 3.1 / 5,3 Colors,Size: S,Gender: Unisex,2025-05-21T14:27:36.290934
Crewneck 937,$154.71,Rating: ⭐ 4.1 / 5,3 Colors,Size: M,Gender: Men,2025-05-21T14:27:36.290934
T-shirt 938,$253.65,Rating: ⭐ 3.6 / 5,3 Colors,Size: L,Gender: Women,2025-05-21T14:27:36.290934
Hoodie 939,$279.13,Rating: ⭐ 4.8 / 5,3 Colors,Size: XL,Gender: Unisex,2025-05-21T14:27:36.292803
Pants 940,$361.00,Rating: ⭐ 3.7 / 5,3 Colors,Size: XXL,Gender: Men,2025-05-21T14:27:36.292803
Unknown Product,$100.00,Rating: ⭐ Invalid Rating / 5,5 Colors,Size: M,Gender: Men,2025-05-21T14:27:38.613591
Jacket 942,$498.31,Rating: ⭐ 3.0 / 5,3 Colors,Size: M,Gender: Unisex,2025-05-21T14:27:38.613591
Crewneck 943,$285.69,Rating: ⭐ 4.4 / 5,3 Colors,Size: L,Gender: Men,2025-05-21T14:27:38.622189
T-shirt 944,$98.64,Rating: ⭐ 4.6 / 5,3 Colors,Size: XL,Gender: Women,2025-05-21T14:27:38.622189
Hoodie 945,$131.73,Rating: ⭐ 4.2 / 5,3 Colors,Size: XXL,Gender: Unisex,2025-05-21T14:27:38.622189
Pants 946,Unknown Price,Price Unavailable,Rating: Not Rated,8 Colors,Size: S,2025-05-21T14:27:38.624413
Outerwear 947,$442.48,Rating: ⭐ 4.6 / 5,3 Colors,Size: M,Gender: Women,2025-05-21T14:27:38.624413
Jacket 948,$287.53,Rating: ⭐ 3.9 / 5,3 Colors,Size: L,Gender: Unisex,2025-05-21T14:27:38.624413
Crewneck 949,$115.27,Rating: ⭐ 4.4 / 5,3 Colors,Size: XL,Gender: Men,2025-05-21T14:27:38.624413
T-shirt 950,$480.73,Rating: ⭐ 4.9 / 5,3 Colors,Size: XXL,Gender: Women,2025-05-21T14:27:38.626427
Unknown Product,$100.00,Rating: ⭐ Invalid Rating / 5,5 Colors,Size: M,Gender: Men,2025-05-21T14:27:38.626427
Pants 952,$447.19,Rating: ⭐ 3.7 / 5,3 Colors,Size: M,Gender: Men,2025-05-21T14:27:38.626427
Outerwear 953,$526.45,Rating: ⭐ 3.8 / 5,3 Colors,Size: L,Gender: Women,2025-05-21T14:27:38.626427
Jacket 954,$242.42,Rating: ⭐ 4.1 / 5,3 Colors,Size: XL,Gender: Unisex,2025-05-21T14:27:38.628441
Crewneck 955,$437.91,Rating: ⭐ 4.7 / 5,3 Colors,Size: XXL,Gender: Men,2025-05-21T14:27:38.628441
T-shirt 956,$278.60,Rating: ⭐ 3.1 / 5,3 Colors,Size: S,Gender: Women,2025-05-21T14:27:38.628441
Hoodie 957,$251.52,Rating: ⭐ 4.4 / 5,3 Colors,Size: M,Gender: Unisex,2025-05-21T14:27:38.630196
Pants 958,$246.64,Rating: ⭐ 4.8 / 5,3 Colors,Size: L,Gender: Men,2025-05-21T14:27:38.630196
Outerwear 959,$426.78,Rating: ⭐ 4.6 / 5,3 Colors,Size: XL,Gender: Women,2025-05-21T14:27:38.630196
Jacket 960,$365.01,Rating: ⭐ 4.5 / 5,3 Colors,Size: XXL,Gender: Unisex,2025-05-21T14:27:38.630196
Unknown Product,$100.00,Rating: ⭐ Invalid Rating / 5,5 Colors,Size: M,Gender: Men,2025-05-21T14:27:41.306988
T-shirt 962,$180.49,Rating: ⭐ 4.1 / 5,3 Colors,Size: M,Gender: Women,2025-05-21T14:27:41.306988
Hoodie 963,$494.76,Rating: ⭐ 4.6 / 5,3 Colors,Size: L,Gender: Unisex,2025-05-21T14:27:41.306988
Pants 964,$242.83,Rating: ⭐ 3.3 / 5,3 Colors,Size: XL,Gender: Men,2025-05-21T14:27:41.310826
Outerwear 965,$194.20,Rating: ⭐ 4.5 / 5,3 Colors,Size: XXL,Gender: Women,2025-05-21T14:27:41.310826
Jacket 966,$531.22,Rating: ⭐ 4.9 / 5,3 Colors,Size: S,Gender: Unisex,2025-05-21T14:27:41.312840
Crewneck 967,$109.00,Rating: ⭐ 3.5 / 5,3 Colors,Size: M,Gender: Men,2025-05-21T14:27:41.312840
T-shirt 968,$252.82,Rating: ⭐ 4.4 / 5,3 Colors,Size: L,Gender: Women,2025-05-21T14:27:41.312840
Hoodie 969,$264.49,Rating: ⭐ 3.8 / 5,3 Colors,Size: XL,Gender: Unisex,2025-05-21T14:27:41.312840
Pants 970,$59.56,Rating: ⭐ 4.6 / 5,3 Colors,Size: XXL,Gender: Men,2025-05-21T14:27:41.314855
Unknown Product,$100.00,Rating: ⭐ Invalid Rating / 5,5 Colors,Size: M,Gender: Men,2025-05-21T14:27:41.315607
Jacket 972,$454.50,Rating: ⭐ 4.4 / 5,3 Colors,Size: M,Gender: Unisex,2025-05-21T14:27:41.316681
Crewneck 973,$445.90,Rating: ⭐ 3.9 / 5,3 Colors,Size: L,Gender: Men,2025-05-21T14:27:41.316681
T-shirt 974,$298.08,Rating: ⭐ 3.0 / 5,3 Colors,Size: XL,Gender: Women,2025-05-21T14:27:41.318695
Hoodie 975,$301.00,Rating: ⭐ 3.6 / 5,3 Colors,Size: XXL,Gender: Unisex,2025-05-21T14:27:41.318695
Pants 976,Unknown Price,Price Unavailable,Rating: Not Rated,8 Colors,Size: S,2025-05-21T14:27:41.320129
Outerwear 977,$209.75,Rating: ⭐ 3.6 / 5,3 Colors,Size: M,Gender: Women,2025-05-21T14:27:41.320129
Jacket 978,$244.89,Rating: ⭐ 3.6 / 5,3 Colors,Size: L,Gender: Unisex,2025-05-21T14:27:41.320129
Crewneck 979,$303.03,Rating: ⭐ 3.4 / 5,3 Colors,Size: XL,Gender: Men,2025-05-21T14:27:41.322484
T-shirt 980,$409.00,Rating: ⭐ 3.1 / 5,3 Colors,Size: XXL,Gender: Women,2025-05-21T14:27:41.322484
Unknown Product,$100.00,Rating: ⭐ Invalid Rating / 5,5 Colors,Size: M,Gender: Men,2025-05-21T14:27:47.933327
Pants 982,$455.11,Rating: ⭐ 4.9 / 5,3 Colors,Size: M,Gender: Men,2025-05-21T14:27:47.936081
Outerwear 983,$360.16,Rating: ⭐ 3.2 / 5,3 Colors,Size: L,Gender: Women,2025-05-21T14:27:47.936081
Jacket 984,$459.34,Rating: ⭐ 3.8 / 5,3 Colors,Size: XL,Gender: Unisex,2025-05-21T14:27:47.936081
Crewneck 985,$389.75,Rating: ⭐ 4.3 / 5,3 Colors,Size: XXL,Gender: Men,2025-05-21T14:27:47.936081
T-shirt 986,$419.61,Rating: ⭐ 4.5 / 5,3 Colors,Size: S,Gender: Women,2025-05-21T14:27:47.936081
Hoodie 987,$250.50,Rating: ⭐ 4.7 / 5,3 Colors,Size: M,Gender: Unisex,2025-05-21T14:27:47.936081
Pants 988,$128.39,Rating: ⭐ 3.5 / 5,3 Colors,Size: L,Gender: Men,2025-05-21T14:27:47.936081
Outerwear 989,$429.34,Rating: ⭐ 4.2 / 5,3 Colors,Size: XL,Gender: Women,2025-05-21T14:27:47.936081
Jacket 990,$207.96,Rating: ⭐ 4.2 / 5,3 Colors,Size: XXL,Gender: Unisex,2025-05-21T14:27:47.938827
Unknown Product,$100.00,Rating: ⭐ Invalid Rating / 5,5 Colors,Size: M,Gender: Men,2025-05-21T14:27:47.938827
T-shirt 992,$302.53,Rating: ⭐ 4.9 / 5,3 Colors,Size: M,Gender: Women,2025-05-21T14:27:47.938827
Hoodie 993,$397.62,Rating: ⭐ 3.4 / 5,3 Colors,Size: L,Gender: Unisex,2025-05-21T14:27:47.938827
Pants 994,$105.86,Rating: ⭐ 4.4 / 5,3 Colors,Size: XL,Gender: Men,2025-05-21T14:27:47.938827
Outerwear 995,$502.92,Rating: ⭐ 3.2 / 5,3 Colors,Size: XXL,Gender: Women,2025-05-21T14:27:47.938827
Jacket 996,$433.90,Rating: ⭐ 4.3 / 5,3 Colors,Size: S,Gender: Unisex,2025-05-21T14:27:47.938827
Crewneck 997,$332.58,Rating: ⭐ 3.9 / 5,3 Colors,Size: M,Gender: Men,2025-05-21T14:27:47.941357
T-shirt 998,$56.75,Rating: ⭐ 4.2 / 5,3 Colors,Size: L,Gender: Women,2025-05-21T14:27:47.942087
Hoodie 999,$533.39,Rating: ⭐ 4.8 / 5,3 Colors,Size: XL,Gender: Unisex,2025-05-21T14:27:47.943985
Pants 1000,$183.64,Rating: ⭐ 4.7 / 5,3 Colors,Size: XXL,Gender: Men,2025-05-21T14:27:47.945362
